DQN,PPO,A2C,A2C-MLP,A2C-SU
-130.6713769,-489.7518721,-185.5117917,-439.7796037,-544.9251923
-157.1543207,-307.268892,-155.7357033,-445.8849047,-525.0289654
-304.5926875,-451.207253,-195.4664992,-534.4154018,-622.4614675
-388.4444372,-443.1541038,-217.5074712,-515.8378857,-638.4501313
-444.94585,-451.5080814,-254.7115936,-554.6248629,-644.2263426
-480.829454,-465.9859574,-230.4843679,-527.6118821,-622.3138746
-514.5492918,-510.4487823,-194.1095339,-508.8631589,-618.5875117
-539.2083621,-513.310735,-213.7482895,-492.6550251,-598.0098219
-557.5515381,-476.7768305,-206.5034631,-478.9416012,-570.8986587
-570.2845697,-481.8645081,-224.8406412,-452.1531943,-557.8183594
-579.8941417,-453.8864504,-215.6053207,-451.779137,-542.6549536
-582.0119077,-470.1415921,-231.2394584,-450.6466182,-546.2030487
-591.404772,-489.7070213,-242.7215714,-453.3709057,-542.9309127
-581.9964106,-494.763271,-252.1385998,-457.3966049,-554.0585902
-581.7378448,-493.0902771,-259.8661392,-446.6718912,-550.8068061
-578.5838256,-475.6378976,-269.5377358,-425.5281641,-552.1640325
-577.6569892,-466.4755096,-278.473005,-402.7496565,-539.9251819
-573.8789715,-447.2319936,-280.9296456,-384.1679903,-538.3930596
-553.3074224,-434.2841777,-283.6853521,-379.0345686,-536.1494941
-548.8976485,-419.6448057,-295.6471965,-372.9571539,-529.0987826
-547.8353528,-407.6778375,-307.3390918,-356.7316577,-526.9143905
-540.1477922,-394.8233622,-316.7521337,-358.9926965,-527.1037576
-522.9831278,-384.825652,-324.8844414,-348.4285035,-528.2803111
-518.9904791,-379.3241604,-339.4600997,-348.3589646,-522.7140709
-517.8471512,-371.5859829,-340.5846305,-340.3189743,-521.5357425
-515.9164751,-365.8184039,-343.09888,-338.9488134,-514.8282581
-522.0115117,-364.5404495,-345.5605092,-340.8254878,-505.0293037
-516.738138,-366.6787591,-352.1861529,-344.9538014,-498.6367788
-517.2057511,-366.8947664,-348.9724285,-350.1175725,-492.5621851
-518.6362213,-370.3834112,-344.0996015,-352.0400588,-490.0365248
-511.7934559,-382.5354093,-343.4438906,-357.4828555,-495.8173056
-516.8291482,-383.1858885,-337.7717982,-367.2233569,-492.2984885
-509.7067971,-387.1933305,-336.2906429,-358.932843,-489.5277652
-509.800183,-394.3131796,-334.7264485,-368.4452432,-479.6979763
-509.4661097,-398.3933202,-333.5833058,-379.6505471,-479.4044871
-510.3941098,-399.8789193,-329.0095436,-374.4571973,-479.8849104
-514.9228082,-403.9458333,-331.034636,-384.2542,-479.1415298
-520.098585,-402.8237925,-330.3215228,-391.8194223,-489.1759259
-517.551663,-400.4771475,-328.0366228,-390.6971077,-493.8878042
-520.1359467,-392.0092484,-324.2441146,-399.6125023,-489.1813941
-519.5973077,-402.1264532,-319.6106042,-394.813836,-496.1475659
-521.6014852,-404.4054366,-321.5901496,-399.3283275,-502.335154
-517.3789399,-416.6440033,-353.4676393,-405.5088712,-501.7591365
-515.8157374,-422.1720216,-348.1028552,-402.9020347,-501.2961907
-514.2595158,-426.1475943,-373.3203614,-400.487016,-494.0780577
-509.4085237,-437.6692635,-390.3468623,-397.9094192,-496.2296802
-509.8661753,-477.0658901,-388.4417527,-404.364075,-495.6631152
-501.5343915,-489.9739627,-429.6215964,-403.1646801,-499.8920465
-503.3020495,-497.2925647,-426.6738268,-403.1947707,-497.9670722
-504.8160287,-512.0373818,-428.8809778,-411.3495579,-492.5015262
-499.4828552,-507.1691323,-445.4939108,-421.3695768,-490.9257536
-492.4190191,-519.8806967,-477.7839716,-432.0187332,-491.1940023
-489.1765384,-524.1792936,-494.6425134,-430.1232935,-495.7000238
-487.260007,-534.7394241,-488.1977133,-425.6618513,-493.7496856
-481.667723,-532.9964838,-512.6593187,-432.8102462,-497.3349854
-477.9031849,-531.4494989,-521.5709455,-431.806826,-539.7498855
-473.7491466,-541.0193813,-518.0075082,-440.3429165,-541.6875627
-473.7947744,-538.0879662,-511.7870783,-436.7141469,-549.5188716
-468.4251548,-533.932326,-513.7628619,-446.8842643,-552.8302639
-462.3363388,-535.7383464,-525.773169,-454.5408006,-559.883879
-458.7205859,-539.5225768,-538.0981741,-454.1297039,-565.8573377
-458.693663,-537.4056431,-545.3767055,-461.1486427,-575.5515733
-454.8385061,-540.5700284,-553.9306013,-460.0457117,-573.3175426
-449.4658777,-539.4709255,-562.2451801,-460.9225569,-576.2037152
-447.6856927,-541.8442605,-563.6600213,-465.3249506,-608.6151567
-443.0002138,-545.4446753,-565.8038535,-470.9975,-604.1961757
-439.8836987,-549.0946943,-579.2902229,-470.8926102,-597.9517549
-436.9484968,-582.3840452,-580.068107,-469.7940979,-597.7768171
-435.2037733,-583.0748522,-596.6325105,-478.6629278,-660.1834884
-433.5866757,-607.2504304,-595.9140829,-484.1048983,-673.6299893
-432.5975542,-632.8685588,-606.6342759,-485.167413,-693.5386296
-431.1808893,-648.7057667,-617.3603862,-482.14311,-691.0517144
-428.4274848,-667.5779624,-618.3306304,-493.1034704,-685.1561034
-427.9989383,-679.90675,-619.4594604,-491.7947046,-699.3285727
-429.4295325,-684.8014892,-623.8179513,-493.3369987,-711.3148327
-429.2863101,-699.2094344,-636.2884967,-505.4866459,-724.0098479
-425.5534504,-719.3683315,-637.941694,-507.4101446,-721.3583919
-426.2697034,-755.2659958,-638.818939,-508.8822191,-716.2824695
-421.1728712,-793.7345707,-635.2053048,-508.8805621,-712.089659
-419.3440791,-842.5396232,-631.7340504,-507.3999678,-706.1241212
-416.7124654,-882.4037647,-644.9721456,-510.6543895,-732.4600705
-412.9916007,-901.0080937,-645.7016148,-512.427414,-728.0339742
-409.0076919,-925.0299403,-649.6724575,-511.2337994,-723.5173794
-405.2381229,-947.6410283,-669.0286492,-515.7504863,-730.7219487
-409.3711153,-948.7933386,-666.5547474,-519.5862603,-726.8033325
-410.3932704,-948.9088482,-675.7108374,-516.8408782,-733.7293645
-406.3116194,-947.1066666,-677.548204,-521.7849969,-760.9529513
-403.1321306,-953.5403837,-673.5193741,-526.6809389,-767.5652643
-401.7290695,-986.4179029,-669.421651,-524.746984,-786.5879262
-398.0383024,-1005.898962,-674.499686,-521.7216441,-791.6573075
-394.487772,-1038.698304,-672.5988113,-522.1886707,-801.3374765
-390.5035705,-1055.283812,-671.4785427,-545.5813056,-814.233749
-387.1746357,-1049.646417,-673.5094522,-548.8127449,-819.629883
-384.7037338,-1050.412358,-675.7060304,-551.6533969,-813.9269048
-382.0811255,-1049.091914,-671.6742159,-558.3884826,-818.3113303
-383.1094569,-1045.653753,-668.0681893,-558.3893588,-825.5623622
-381.1468429,-1042.420172,-667.1295936,-559.9080449,-835.379646
-379.151211,-1042.706014,-678.7333658,-565.2894517,-847.6309977
-381.0267274,-1036.760956,-678.0131851,-569.349261,-853.3312057
-378.6308834,-1034.264209,-676.1453791,-568.1647284,-849.739286
-378.4555042,-1035.611771,-681.2915374,-571.7829608,-858.0516068
-376.6313964,-1040.902501,-684.3803202,-574.4081883,-872.2649453
-372.0506532,-1040.57323,-693.521498,-575.4673483,-869.2027243
-367.3175571,-1047.373132,-703.5262971,-579.3873149,-883.4047553
-362.5740806,-1054.035632,-703.9834121,-579.9006895,-896.0430719
-357.7355487,-1057.201495,-707.2089851,-580.6075627,-899.0493238
-352.3108236,-1056.735605,-716.2853581,-579.7924144,-898.851962
-346.6206599,-1068.238902,-721.2195113,-582.949118,-906.2407628
-340.6200029,-1111.750337,-724.9381444,-586.0648272,-921.5553989
-339.2754552,-1157.671026,-728.572259,-588.278604,-922.0935804
-335.9317202,-1237.438303,-736.0200373,-589.1041752,-924.3717042
-330.5317492,-1262.849494,-739.83517,-590.0287702,-943.6830946
-324.6561533,-1275.40299,-741.6983992,-589.6207706,-944.2762422
-321.4481518,-1305.336246,-746.9552431,-589.2550723,-941.8223444
-317.2275131,-1342.880403,-749.3222995,-591.4728313,-951.2152283
-312.7330935,-1382.962107,-752.139646,-594.1230225,-960.6164217
-308.2242405,-1390.057489,-752.9709347,-596.9708372,-962.915982
-304.4002524,-1408.566327,-753.5440952,-599.7353338,-962.8380443
-303.5968371,-1410.441656,-752.4563734,-601.4166445,-967.2108288
-300.2751789,-1427.143671,-751.5358029,-600.0645854,-968.6659479
-295.882761,-1446.36648,-750.928231,-602.0646159,-972.609417
-293.2071935,-1479.002596,-751.1574037,-602.1439364,-974.4815341
-293.1823841,-1493.464713,-752.1402894,-605.6703876,-974.4366979
-290.4748893,-1500.398115,-764.7347244,-605.9464721,-982.2312121
-286.6458266,-1506.693083,-766.0577275,-607.9224737,-1005.141219
-282.5996419,-1514.028248,-768.0533534,-608.8481528,-1008.712352
-277.1618123,-1522.102634,-770.1841995,-607.9847104,-1011.657821
-274.8347093,-1526.102801,-774.2257846,-607.1893926,-1013.984064
-270.922289,-1532.492372,-779.2024231,-605.9052777,-1017.59412
-267.1451535,-1542.183335,-784.1399322,-605.2254759,-1042.521456
-265.9522448,-1554.601458,-790.0080647,-603.275195,-1045.303992
-260.9951863,-1576.603952,-793.1497393,-600.932567,-1062.65093
-259.5295178,-1650.537819,-798.9414992,-604.1538707,-1073.34121
-256.0334112,-1748.720666,-805.949773,-601.0756693,-1083.46098
-252.2956933,-1821.518364,-808.1511801,-598.0021168,-1085.878201
-248.3366088,-1835.636479,-818.3917215,-595.8857079,-1099.280862
-242.9783954,-1848.148043,-823.5142197,-592.1657668,-1104.487427
-237.1035457,-1858.952904,-840.5567875,-589.1561101,-1102.00395
-233.9946063,-1874.882252,-849.4370131,-588.2883816,-1132.400509
-229.0280234,-1890.559751,-858.1076958,-584.1797302,-1137.902511
-225.2758414,-1894.570044,-863.3697543,-585.6384118,-1137.885357
-220.3146134,-1900.241161,-863.1396886,-582.8608549,-1138.044064
-218.2976234,-1898.96535,-864.9884175,-576.986606,-1139.426548
-216.1391779,-1904.003057,-876.2598027,-577.812813,-1142.380225
-213.0137862,-1912.780364,-869.3706145,-577.8604177,-1147.713562
-211.2212477,-1918.784911,-864.5613494,-576.3338481,-1147.492586
-207.3685448,-1912.471421,-869.4137586,-570.2152166,-1152.198105
-206.9136186,-1909.822311,-852.4708216,-570.1876288,-1152.611051
-201.6363771,-1913.501857,-855.3642517,-569.6084197,-1154.512153
-197.0798399,-1912.662588,-854.7980423,-565.3597307,-1160.298545
-195.499305,-1918.676641,-848.5034207,-559.9621661,-1165.520591
-195.7672562,-1917.179429,-831.8373088,-553.8964973,-1172.077051
-193.5840422,-1916.261636,-824.7491458,-553.2709809,-1178.384881
-190.8299717,-1911.667101,-828.2346777,-554.256929,-1181.181587
-190.1163192,-1916.810897,-817.1082487,-549.7039063,-1177.902048
-185.2507873,-1919.514098,-811.9709189,-547.0572838,-1156.900966
-185.645312,-1914.690277,-837.0492222,-541.1643417,-1165.140371
-183.8056547,-1917.852737,-859.1334227,-542.6388879,-1163.442687
-184.4276385,-1922.083698,-858.1128001,-536.1663291,-1169.526525
-184.8383631,-1925.710026,-860.5508014,-531.1039504,-1166.749189
-183.8816938,-1928.858682,-874.5000395,-531.5716772,-1164.7218
-180.3032378,-1936.193261,-873.7070568,-523.8089834,-1182.881626
-180.3367049,-1942.691231,-868.7023532,-520.8664357,-1189.366777
-180.0921473,-1955.051555,-866.1814852,-517.6842033,-1193.736287
-177.9912805,-1965.088183,-866.3073573,-515.8143303,-1191.521437
-178.4605528,-1968.368613,-869.2481062,-512.5256908,-1198.371669
-177.0364052,-1971.476941,-863.5577403,-512.6531941,-1205.15232
-175.4945078,-1953.533556,-861.8827974,-514.9628557,-1208.093417
-173.1602202,-1956.600851,-851.3094876,-510.8013364,-1176.00231
-171.3708289,-1944.811488,-857.9347427,-507.8089152,-1166.435852
-168.3750012,-1928.732036,-849.1847338,-504.2526509,-1150.178424
-166.2775064,-1917.741172,-846.8629171,-503.4136777,-1150.619783
-166.0680746,-1903.533284,-845.3738503,-496.111731,-1164.405837
-163.3019677,-1893.97294,-860.3260043,-494.3842936,-1153.313565
-159.8547804,-1889.848574,-857.7145748,-491.1553038,-1142.537975
-156.6865635,-1878.994013,-850.7629802,-482.9640772,-1136.697855
-156.5340028,-1864.07239,-849.1678756,-483.0102817,-1143.695946
-153.3241381,-1837.108135,-855.3021159,-478.1074473,-1151.039855
-154.0603717,-1809.123049,-863.9423891,-477.8309303,-1165.799213
-152.3254608,-1771.722282,-867.4307352,-479.9836372,-1169.387875
-151.8552848,-1741.250309,-855.9118131,-477.8640308,-1167.600091
-151.911817,-1729.789173,-855.9140035,-472.223111,-1181.998617
-152.2388713,-1709.204372,-859.1735487,-469.8527455,-1189.299055
-152.7133876,-1688.528555,-841.7936634,-462.9790716,-1197.488462
-146.6553365,-1685.790914,-846.6026073,-457.5752572,-1204.043658
-142.7573689,-1683.708111,-838.0654068,-456.3277916,-1202.19317
-143.8269129,-1683.65508,-836.6840768,-452.6440245,-1176.632163
-143.2272906,-1678.004502,-854.4650326,-445.4663167,-1171.999474
-141.9040159,-1648.746182,-864.1759278,-443.8561133,-1159.191536
-142.5665138,-1630.250788,-859.3244106,-444.4042826,-1156.356005
-143.6726904,-1598.826628,-860.0590954,-440.9958897,-1149.415826
-144.8602608,-1580.89915,-859.8744707,-416.6558852,-1142.143803
-145.5682839,-1583.111845,-856.2747147,-414.6996985,-1144.537699
-145.6438911,-1580.503912,-851.2586889,-408.2217644,-1152.073066
-146.0234348,-1581.561798,-852.9220308,-400.0338818,-1148.547654
-142.8161304,-1584.997948,-855.6489057,-398.0880343,-1144.189997
-141.8879766,-1586.810791,-857.6914868,-396.2462688,-1140.260843
-140.7346471,-1584.244229,-845.6420666,-388.1792754,-1132.758432
-136.3303665,-1588.758544,-847.357974,-381.5055718,-1125.594434
-135.7457838,-1589.622609,-858.5041748,-379.9766669,-1130.337819
-135.9563512,-1594.196322,-859.1941833,-373.1958003,-1130.073574
-136.5089753,-1597.667494,-863.5315286,-369.8218468,-1116.518699
-135.9256789,-1600.862482,-856.109504,-366.0738628,-1120.757361
-135.0869399,-1599.2064,-861.1557911,-360.7471442,-1110.73052
-133.9632344,-1598.497879,-863.3823083,-354.7558782,-1097.738591
-132.329736,-1603.737879,-869.4858949,-354.5665384,-1101.799649
-131.7492447,-1611.091494,-865.893228,-355.3736028,-1111.812975
-130.854909,-1603.607163,-878.619565,-352.8127645,-1114.378109
-130.6723693,-1563.724048,-878.5625006,-348.903864,-1100.674867
-125.5595561,-1516.655988,-880.0297585,-348.3027061,-1117.211738
-123.6519497,-1437.841445,-876.5754596,-346.2356568,-1133.945062
-123.7812143,-1408.027575,-876.3245301,-343.9993818,-1115.296821
-124.2921398,-1389.996611,-884.6128561,-342.0963783,-1120.362615
-123.8494742,-1357.933137,-894.6458362,-341.2943407,-1120.661598
-123.4527676,-1320.107082,-900.6691828,-339.343186,-1116.539739
-123.6634713,-1282.153443,-901.5535096,-338.51555,-1111.616489
-123.0713035,-1275.593296,-903.3895192,-339.7920425,-1115.009314
-123.1177703,-1258.973358,-911.9961366,-340.521557,-1115.443181
-122.5121703,-1257.36151,-914.4666587,-338.3294499,-1111.033419
-121.4258359,-1241.096151,-912.8105964,-340.2923236,-1126.288037
-121.3097247,-1221.921103,-919.3796907,-341.13762,-1121.833513
-120.7360273,-1190.150896,-920.7490941,-340.6976825,-1131.396958
-119.9867941,-1176.305053,-922.2323377,-339.5183606,-1149.484939
-119.2792065,-1170.162875,-911.9877515,-338.1172203,-1143.072007
-119.0853116,-1165.371109,-921.1903851,-338.9733581,-1119.579666
-119.6518444,-1158.121639,-925.9167598,-339.1086753,-1120.713647
-118.5496751,-1148.738423,-927.6390395,-340.4721069,-1125.573528
-117.7499152,-1142.216818,-930.3025159,-341.5175425,-1143.184656
-117.3611119,-1133.189176,-925.9646408,-342.463347,-1153.110464
-116.1393537,-1119.52502,-930.2961529,-342.5497908,-1130.111944
-114.9102486,-1101.335985,-931.6721129,-343.9336316,-1126.228906
-114.2002048,-1075.90915,-937.3744865,-343.6898878,-1121.172878
-113.1207738,-997.9779202,-933.2660715,-342.474751,-1118.547653
-112.4875486,-895.2241429,-929.1863102,-341.102897,-1117.400041
-112.233708,-819.6457838,-933.4015479,-340.6231505,-1121.793755
-111.3443649,-805.3889292,-931.473634,-346.1246867,-1137.674852
-109.8355714,-792.4477796,-930.5387497,-344.2053916,-1133.538292
-108.81871,-782.7154598,-916.4943655,-342.8360755,-1136.453582
-108.1903892,-767.3720015,-911.7741175,-342.8604078,-1110.438327
-108.3026405,-755.04036,-910.8275095,-342.135999,-1119.319243
-107.0811264,-746.8950876,-914.4620122,-342.1328471,-1122.441953
-106.3836957,-739.1064041,-920.8386084,-341.6481597,-1119.268634
-105.551625,-732.8179331,-910.8232579,-343.9224036,-1119.772092
-103.9815262,-722.4257603,-908.7743859,-342.5834639,-1128.316883
-102.6925727,-709.5544248,-903.7433669,-343.9983732,-1129.500294
-102.5667995,-695.6978606,-910.8523687,-345.939567,-1129.360782
-102.1511725,-681.3640504,-910.1378731,-348.9471759,-1131.802903
-101.7280507,-675.2586138,-913.1279975,-348.2927998,-1131.148759
-101.3139948,-665.1581142,-917.752265,-349.0585099,-1141.97815
-100.151491,-654.7803441,-923.519493,-349.7610167,-1141.331099
-100.0616798,-647.7150793,-919.6462355,-349.3000884,-1149.022689
-98.52092715,-638.7777823,-945.8690677,-348.274965,-1149.263483
-97.79863524,-633.3523703,-943.1895546,-350.9960955,-1143.178512
-97.0736266,-627.9847517,-948.8693677,-351.1308179,-1154.409896
-96.67431168,-619.1885189,-947.8554255,-351.1293571,-1160.191362
-99.05476646,-613.1030948,-949.3928311,-354.2893931,-1162.405202
-97.32739704,-608.6041097,-931.9109217,-355.4329961,-1156.321975
-95.08743006,-602.4936652,-919.1167244,-353.9909802,-1157.998264
-93.40468656,-596.4020912,-917.6576443,-353.8995497,-1152.988862
-92.66399026,-587.7254299,-915.30547,-352.4142017,-1151.112493
-91.88273207,-577.584908,-919.7498411,-350.2428493,-1149.202687
-91.57402627,-566.940693,-919.0846622,-351.3043259,-1125.808062
-90.57875098,-554.1604321,-922.4320943,-353.1471467,-1121.588686
-89.95051618,-538.052935,-922.388888,-354.5823131,-1121.177448
-89.09802801,-521.6690218,-933.8366345,-353.2965857,-1107.313714
-87.33024772,-511.2188804,-936.3037362,-353.8302067,-1103.416408
-86.20517264,-500.6147669,-931.8760038,-353.6755387,-1102.1617
-86.31427179,-491.1871302,-939.618666,-349.6788121,-1098.460798
-86.17367697,-482.8192133,-967.9477278,-347.8756208,-1154.118966
-85.98290937,-472.8704237,-968.7484475,-347.0524194,-1159.866469
-85.47972769,-465.9261536,-980.0440437,-347.7143487,-1160.938414
-84.38851314,-461.0453075,-983.8394309,-352.7164265,-1172.463883
-82.90829307,-458.0043464,-1007.866796,-352.6688525,-1169.381891
-82.55952675,-456.5341531,-1009.236164,-355.4391666,-1177.053642
-81.80812533,-454.2117845,-1015.122718,-358.2844337,-1176.162256
-80.73125285,-449.3539112,-1020.61922,-356.8358319,-1186.569585
-79.89349115,-444.0237865,-1053.570416,-356.791493,-1182.67737
-78.94886513,-437.5359083,-1055.078376,-359.9445464,-1191.108696
-78.91036326,-429.464838,-1046.160011,-361.5269799,-1186.476709
-77.96558968,-421.2579451,-1045.484389,-362.8340753,-1204.289682
-76.81115868,-411.7389341,-1061.95153,-364.6189352,-1198.372203
-76.04453646,-399.2603612,-1059.200398,-370.1257916,-1196.740647
-75.49988105,-391.4403323,-1053.276035,-372.4401929,-1201.270759
-74.63514986,-384.776075,-1055.134136,-378.7050578,-1184.740846
-73.73872031,-377.9627297,-1051.293177,-381.2310585,-1189.051605
-72.91398769,-371.3862369,-1054.007589,-384.7383446,-1209.860508
-71.34253187,-364.3079324,-1054.608836,-383.3233046,-1210.923842
-71.12429158,-355.2059577,-1048.104179,-389.1591492,-1206.664236
-70.71817738,-345.7932468,-1046.313705,-394.1262203,-1204.244343
-70.28723072,-337.3072719,-1049.83531,-393.3499401,-1200.023444
-69.24831041,-330.4489012,-1047.339162,-398.0400075,-1195.413966
-67.99864151,-323.4697077,-1054.229143,-402.2057791,-1195.627516
-68.02141039,-316.5814415,-1058.001117,-411.6286615,-1185.400248
-66.49780714,-309.0162477,-1065.87807,-415.622153,-1184.419198
-64.98313479,-298.6720953,-1080.500514,-419.1227776,-1185.050257
-63.29569539,-287.478516,-1079.357663,-420.2141414,-1178.367531
-62.71241927,-277.6576483,-1083.177839,-421.2635678,-1183.213913
-62.66026853,-268.0087247,-1088.904333,-423.352562,-1183.555011
-62.07122266,-257.7826216,-1086.233577,-423.5906434,-1181.653404
-61.5085439,-247.9107287,-1078.360855,-426.8943811,-1193.752565
-60.32598142,-236.4271546,-1088.375444,-433.19661,-1190.085118
-59.96854478,-226.2707399,-1089.636364,-435.7353774,-1202.282661
-59.5285737,-216.3095884,-1089.885529,-439.877337,-1204.776147
-59.55969363,-207.2933231,-1082.692006,-439.7752163,-1200.854366
-58.64807266,-196.5332843,-1083.431231,-441.1221872,-1210.101218
-58.55273151,-183.2362003,-1087.182982,-439.8216003,-1209.548979
-57.61132964,-168.6145865,-1087.002303,-447.0844521,-1211.903014
-57.50794982,-160.7677704,-1081.219245,-447.0905442,-1208.484343
-56.88654587,-156.8144819,-1087.708037,-449.6269691,-1207.193115
-56.76645294,-153.9656779,-1091.981633,-453.1164924,-1204.432475
-56.07014973,-150.3120084,-1105.057799,-454.1590134,-1196.469037
-55.07502118,-149.0005509,-1107.641627,-457.073659,-1195.303944
-55.0648302,-145.6389695,-1111.300464,-459.1454908,-1203.938933
-54.50331421,-141.1240295,-1106.465565,-459.18728,-1221.822409
-53.41963367,-135.5098858,-1102.065602,-461.1487619,-1225.582927
-53.22972296,-129.9604075,-1109.841582,-461.7208501,-1231.084571
-53.19288206,-125.3651498,-1107.346158,-460.4200828,-1242.120341
-49.55134792,-122.4767414,-1110.146766,-458.5375473,-1264.670855
-49.51147044,-120.236788,-1119.292775,-459.2603331,-1289.430387
-50.05238831,-118.6264447,-1143.300244,-458.8400349,-1272.963339
-49.35036578,-117.6762489,-1149.094861,-457.7528408,-1298.068487
-49.32258909,-115.6143045,-1170.529278,-456.1562262,-1314.511086
-48.69532244,-113.8753045,-1177.429623,-455.361538,-1316.883146
-48.08311513,-111.7463652,-1222.637162,-455.7035993,-1315.133041
-48.4176572,-108.9701762,-1224.539254,-453.922484,-1337.622894
-47.39444645,-107.9554561,-1278.325749,-452.0216187,-1375.313148
-47.48008512,-107.3881781,-1295.884255,-450.3322037,-1390.003373
-46.85918083,-106.8627113,-1294.422159,-448.7272536,-1371.282273
-46.42360274,-106.5968594,-1319.428924,-446.4498768,-1373.599962
-46.03917937,-106.9757914,-1366.469994,-445.7139371,-1388.056848
-46.01335366,-106.2274478,-1364.029857,-443.5749064,-1411.895325
-45.45154378,-106.2392415,-1366.817849,-441.6095704,-1428.565321
-44.06346471,-105.3038682,-1398.492061,-441.0851815,-1447.162205
-43.41660922,-103.6317263,-1439.174639,-440.8113524,-1444.456033
-42.94241381,-101.378187,-1433.774124,-439.0160804,-1449.274205
-41.1784,-97.06916314,-1446.189909,-435.7645492,-1434.577874
-41.31446002,-92.37634315,-1455.607736,-436.0591871,-1443.62114
-40.20385525,-88.05756261,-1461.553078,-436.1059526,-1445.796957
-40.1212727,-84.37490322,-1467.718852,-435.924205,-1443.683488
-38.58563974,-80.57088321,-1469.455897,-435.7860119,-1435.373252
-38.80851477,-76.13988644,-1471.874125,-434.3530564,-1445.440203
-38.69006421,-72.83561464,-1472.600811,-434.2003609,-1453.239153
-38.39943917,-70.95557906,-1474.934832,-433.4571917,-1463.504387
-37.82900252,-69.96501869,-1468.940317,-433.140612,-1456.924539
-37.91904211,-68.04782231,-1470.763448,-430.715805,-1454.309981
-35.19248832,-66.88718493,-1464.831602,-429.8064979,-1453.422165
-34.83548736,-64.49520985,-1464.981494,-427.2584485,-1449.526388
-35.33829162,-62.44023719,-1460.007412,-426.6089415,-1450.113305
-35.81432623,-60.03467102,-1461.001439,-424.5785412,-1442.140927
-35.84588921,-58.65723273,-1459.549426,-422.2540539,-1439.769925
-34.29159106,-56.60674271,-1461.870055,-420.6362151,-1428.77467
-35.19403878,-54.89380301,-1437.264264,-419.3862439,-1426.202452
-34.91569995,-53.5227225,-1442.146896,-415.9245873,-1422.474233
-33.12436703,-52.46924021,-1439.791187,-415.0702913,-1412.612129
-32.9859583,-51.3064807,-1438.164922,-413.7057796,-1412.816264
-33.14585542,-48.97048965,-1439.54142,-410.8126906,-1407.752179
-31.49111988,-45.95645144,-1434.214102,-408.1552801,-1402.877491
-30.79715948,-45.14506399,-1430.498489,-407.7884388,-1398.504889
-30.95896003,-43.32266041,-1436.035912,-405.6999818,-1399.644239
-30.45938351,-41.20100826,-1430.731435,-405.4163568,-1399.825484
-29.87412525,-40.18928139,-1408.209624,-404.9982389,-1402.806283
-29.66962648,-38.93767419,-1409.639951,-403.8889813,-1416.451418
-28.8943712,-37.04989093,-1407.16475,-402.3616708,-1416.735869
-29.10120077,-35.62165888,-1408.115624,-401.1120161,-1408.077555
-27.35047377,-35.42929023,-1400.530304,-398.8850437,-1405.767084
-27.63307052,-35.02908132,-1392.390607,-395.3622792,-1413.774765
-25.28479798,-35.25854423,-1391.658022,-392.4505883,-1425.301741
-23.30706102,-34.58807961,-1384.92484,-392.1307019,-1434.311577
-21.04265947,-33.98097782,-1358.8578,-388.9574946,-1374.115097
-18.31724915,-33.46403575,-1351.570595,-385.4803478,-1376.068751
-18.35384992,-32.67475055,-1347.885629,-384.3264883,-1388.016994
-18.26632128,-31.38626782,-1340.821379,-379.5887201,-1374.806775
-17.46884779,-29.13868696,-1324.988238,-376.1682247,-1373.786013
-13.92306294,-25.41590672,-1323.660938,-373.0761047,-1375.581754
-13.26067179,-22.13070209,-1313.826536,-369.789963,-1385.239435
-13.45294618,-20.58618369,-1308.933987,-366.4490624,-1379.24424
-13.53188019,-19.19079223,-1288.687865,-362.0693419,-1376.214045
-12.9553682,-18.59541193,-1283.144918,-359.5497428,-1364.274303
-11.99832982,-17.87083739,-1294.974829,-354.8096608,-1374.895813
-10.6635979,-16.83116519,-1375.344651,-349.1170655,-1364.796461
-9.406752703,-17.40358767,-1364.101311,-343.6987869,-1366.050623
-9.082777255,-18.03160336,-1363.426487,-338.518917,-1381.162909
-7.046107038,-18.48479005,-1383.219841,-335.762154,-1378.717303
-7.206694129,-18.34356658,-1378.588589,-329.8757252,-1381.561921
-5.29740749,-18.17691463,-1374.947141,-326.01578,-1384.894504
-5.286157445,-17.74317897,-1375.529929,-321.7154086,-1395.339779
-5.533507758,-17.75412901,-1370.918794,-319.0933789,-1398.032588
-5.587895614,-17.82383821,-1368.054035,-312.0559566,-1403.575573
-4.738778721,-17.64987699,-1365.142951,-307.6849807,-1410.823291
-2.506465297,-15.31900745,-1368.875313,-307.6114064,-1480.011775
-2.15660259,-13.7146804,-1374.312946,-302.9074086,-1495.885126
-2.089685957,-12.13920791,-1367.484199,-297.8100119,-1488.32839
0.775243488,-11.68684385,-1363.397836,-282.862621,-1489.661061
0.648030173,-10.55097717,-1353.590615,-278.0550786,-1489.68426
0.911359055,-10.27702044,-1341.570107,-272.9293726,-1508.220864
0.608662067,-10.31609169,-1343.289986,-270.4562161,-1520.905851
0.937084903,-9.14747586,-1336.441726,-265.2763908,-1520.49834
1.084353337,-9.11721723,-1330.054836,-262.2566171,-1521.276629
2.380884328,-10.72220448,-1328.664104,-260.5896705,-1534.036599
4.661364857,-9.769690255,-1325.084705,-255.6478725,-1522.662566
4.44739516,-9.047675318,-1310.75122,-249.3512378,-1520.84102
6.309116321,-8.921928093,-1307.732822,-245.3609745,-1519.552758
6.288555979,-8.88310818,-1310.842891,-238.3405839,-1512.584084
9.226371665,-9.065356633,-1310.483838,-236.5262129,-1514.367508
10.85641441,-9.290439177,-1314.757551,-234.9018343,-1510.570291
10.57702734,-9.037113623,-1314.327173,-233.6877008,-1506.12938
9.909977035,-9.711081515,-1327.81261,-224.2792508,-1506.226147
9.829581035,-9.143692322,-1329.037816,-221.2277133,-1516.82393
11.39975908,-7.8137794,-1334.284581,-217.7728908,-1526.617629
13.40422284,-7.166663584,-1335.571675,-212.0364475,-1520.918253
13.97223805,-9.469614295,-1328.250137,-208.9779176,-1514.784443
13.65851772,-10.51145938,-1329.219072,-204.6117764,-1524.651114
16.81042943,-13.87600944,-1320.533985,-201.1875127,-1510.545839
15.55840812,-15.91772789,-1311.455992,-198.6247125,-1497.779447
15.34690908,-18.04104284,-1311.223533,-195.3238977,-1493.545552
16.04665917,-20.37332857,-1299.75442,-193.6697019,-1483.057137
16.4436977,-21.89307006,-1301.504033,-191.6250194,-1467.362921
15.36039317,-22.13883197,-1291.809096,-190.3655706,-1447.44987
15.10510813,-22.38597348,-1282.282837,-188.4884126,-1423.175688
17.63153188,-22.26635089,-1259.746392,-187.6959485,-1425.945613
19.13506899,-21.36932246,-1245.178117,-186.6724572,-1402.179526
21.42447228,-20.0755782,-1219.065609,-185.608842,-1377.506863
22.17679001,-17.94179414,-1206.587071,-183.7766502,-1358.542713
22.36032009,-16.05128379,-1154.383408,-182.5443602,-1359.227128
24.71459565,-13.49723107,-1140.244675,-181.8647466,-1336.910256
26.34279327,-11.35926452,-1077.82856,-180.7233593,-1294.794917
26.34706284,-8.490173684,-1054.297333,-179.9157816,-1273.480624
26.51355258,-7.630513007,-1045.747003,-177.3839349,-1272.236929
28.14508709,-6.679325739,-1020.086713,-176.2636605,-1256.96259
29.56248737,-5.439396364,-963.2197443,-175.2877848,-1244.375977
29.76024726,-4.276710306,-957.7804074,-173.9910468,-1223.165986
30.16484023,-3.327086569,-947.2168778,-173.2280091,-1199.424545
28.73181318,-2.937249941,-913.9093948,-173.3374696,-1177.760852
30.76821094,-2.834997953,-869.7127822,-172.5866966,-1180.805661
30.9458122,-2.240717951,-868.0329705,-172.5747277,-1183.643021
29.70021732,-1.811048944,-847.7457063,-171.7133747,-1170.261813
29.62068255,-1.733113994,-832.1846875,-170.5241599,-1162.230866
30.61390877,-1.753509311,-822.4076199,-170.1238593,-1156.464062
31.0747403,-0.241389869,-811.4413382,-168.3381288,-1163.58613
32.66978512,1.375462624,-802.8151099,-168.2664652,-1163.849899
32.90631113,2.508980505,-791.917675,-167.9299446,-1156.623886
34.12102582,3.663282789,-782.2172088,-166.8752538,-1157.337444
35.88129757,4.101716427,-773.7336634,-165.9411174,-1149.367398
36.02914787,4.540887726,-772.1202417,-165.7933182,-1151.402163
35.92997237,5.502864045,-768.6710309,-166.1094132,-1156.066888
35.87059908,6.068781157,-762.1631254,-166.3970815,-1157.946916
36.68002882,5.917501094,-756.4556222,-166.3435982,-1158.177476
37.37018134,6.880966615,-754.08328,-166.0281427,-1157.957166
37.73750095,8.124209955,-743.8636554,-166.1442891,-1155.516195
40.11825596,7.96909168,-737.2469525,-165.752739,-1157.997554
39.27409423,7.221971475,-733.5692772,-165.4938672,-1159.008512
42.03438257,6.052498428,-728.8438944,-165.9628981,-1154.4632
43.06867415,5.092480046,-721.5217319,-165.9831244,-1156.265193
42.91417047,4.718846667,-715.2483282,-165.0742118,-1153.800325
45.08047663,3.644469815,-711.690937,-164.8264313,-1149.329923
47.77344382,2.057005697,-706.3261748,-164.9772314,-1148.933441
46.78925889,0.55816691,-702.3860031,-165.3070509,-1149.638173
46.88689012,0.320084975,-696.5961117,-165.1438189,-1148.115851
48.6872749,-0.910606985,-690.2232107,-165.1793364,-1141.151512
50.32167826,-2.154361777,-685.8814304,-164.1782482,-1139.764645
50.13214001,-3.194656595,-679.8874612,-163.6034689,-1134.91877
51.77959422,-5.429450418,-671.7263335,-165.1080634,-1118.238638
52.0389006,-7.591373287,-667.2577563,-165.2438176,-1114.133788
54.23911497,-9.825762936,-660.8031275,-164.5299543,-1112.940789
52.55788184,-10.99336211,-652.3854415,-164.040156,-1107.236026
52.36947092,-12.42149468,-650.7912734,-163.4123691,-1095.291151
49.70748542,-13.10395198,-649.9957362,-163.9013361,-1078.457537
50.72982118,-14.25502353,-646.8933814,-164.3925886,-1066.307578
51.27891029,-14.61672483,-640.0875764,-164.7668194,-1056.269123
50.36636488,-15.10116076,-636.9845379,-164.5194784,-1044.156372
50.2346613,-14.87926257,-626.1580136,-164.951699,-1029.765214
50.36430832,-15.33290628,-622.1104066,-164.3767769,-1029.350915
51.54771848,-15.20934627,-611.2655868,-164.0432758,-1019.075681
50.16227045,-14.89205717,-592.1748924,-164.14916,-1005.536561
52.56628525,-14.57226812,-591.7158358,-163.6716905,-993.7314009
52.31453476,-15.05986788,-585.0947806,-164.3221689,-981.0872119
54.05625591,-15.01270619,-569.750644,-164.7092343,-979.2388133
55.93080516,-14.7094639,-563.8248992,-164.5581145,-974.5693799
54.12832121,-14.3766981,-551.6881738,-164.2549986,-953.7056295
52.45911651,-14.74988051,-467.7325757,-163.8448619,-943.9345944
50.77848911,-14.92702086,-459.9154303,-163.2547134,-924.4333404
52.39357799,-14.98233652,-459.5171786,-163.7537413,-895.9226369
51.05512768,-14.65627189,-435.951001,-164.537203,-887.5044606
51.83803523,-14.17523698,-436.5756364,-164.5138976,-883.6071585
52.66673283,-13.79925475,-436.3059387,-163.9209212,-870.5833246
51.70328891,-13.52644143,-430.1486375,-164.8329226,-832.4119063
52.68384696,-12.27810363,-430.3104217,-163.9930358,-827.8518695
53.96209903,-10.36659153,-422.6792892,-165.2805993,-821.3422577
56.76149,-10.54415687,-418.6997549,-163.9068861,-807.091579
57.65175761,-12.39960963,-409.1156055,-163.6942234,-735.8230211
59.3564975,-12.61937232,-404.8280047,-163.084996,-716.6434101
61.08074378,-12.09813659,-403.4137562,-163.0468994,-713.6348613
60.59763242,-10.36877396,-401.1104153,-164.3106313,-708.7569635
61.15136431,-9.743168417,-401.5572965,-165.191067,-701.1961524
63.0259382,-7.692262386,-397.5574695,-164.2041045,-675.0204277
65.39701055,-7.102571833,-394.2027287,-164.4357019,-659.7261985
67.13595571,-8.371472433,-391.4780566,-165.3959017,-643.6855577
68.3739058,-7.715674133,-388.1216037,-165.3806759,-632.6564904
67.33280264,-5.619415474,-386.3360108,-166.314005,-618.2428612
64.7116539,-6.708820798,-383.4931993,-166.3317656,-609.9175386
66.96952677,-7.307935492,-381.4300229,-167.2546351,-604.5774297
66.76436839,-7.253809211,-375.5331139,-166.5233002,-590.1881898
68.03218929,-5.865830685,-368.608268,-166.4643088,-587.947208
67.86543198,-3.413065154,-358.8349311,-166.4159308,-580.1853046
67.97004567,-1.113781799,-347.6473351,-166.7763084,-570.6886892
67.98863865,0.956627393,-334.2464036,-167.0877746,-566.0323963
70.72523241,2.955528492,-316.1072401,-166.8237966,-550.1844051
72.99892132,5.42716479,-299.8242952,-166.6575436,-531.0046374
73.1811354,6.086197248,-283.3488608,-167.0424297,-519.9217976
73.54018166,8.510317897,-269.3782015,-167.5361458,-509.4073471
76.00100565,10.61907957,-258.4587026,-168.0574179,-502.3971156
76.95993075,13.2615063,-247.7255058,-168.7677963,-489.9083142
76.67051616,14.11737695,-238.9735489,-169.904775,-487.4026587
79.70325179,15.98509336,-234.353251,-171.3356327,-480.4234649
81.23745241,17.30357999,-227.0707008,-171.859333,-472.3700004
82.0538588,18.87412364,-223.597848,-172.1422492,-470.7272456
83.95065082,19.78070645,-217.7465421,-173.0589682,-469.3869422
84.45577318,20.59203409,-212.2612408,-173.7495184,-463.6379821
86.58492184,21.19082594,-208.2506222,-174.5243,-460.9152147
85.67349192,21.84006641,-204.6855546,-173.9695961,-456.0343643
85.13079813,21.80346656,-202.6546636,-175.0948145,-452.6885691
84.45363713,22.54015819,-201.0140277,-175.012535,-447.9498104
83.36373752,21.0819962,-199.3635177,-175.768426,-443.7361745
85.27970855,20.55915454,-197.3890046,-176.5452848,-442.6331067
84.14936493,20.23447021,-196.0443479,-176.4313366,-442.0759989
84.64547607,20.46596277,-194.3318715,-177.4579607,-441.0106055
85.41514976,19.46481408,-193.1565451,-177.8837078,-440.3265679
86.53221424,19.785054,-191.7633745,-179.949722,-440.9460752
87.01021715,19.63829825,-190.0806544,-181.0297908,-441.3352934
85.32878031,20.15165398,-189.4843625,-180.7925009,-437.215071
87.81640346,20.13784617,-188.0924703,-182.0590727,-433.8860963
87.8070604,20.02419568,-186.1038039,-183.1778428,-428.5472059
90.23654311,20.31092972,-183.9586371,-182.1177736,-424.0042511
90.31373399,21.32413324,-182.6638569,-182.0553078,-416.1556665
91.660279,21.68371567,-181.6593421,-182.2217815,-400.3568584
93.8254975,22.58525604,-180.4900842,-182.9036491,-397.4943128
93.76082005,24.64762694,-179.7231908,-184.4066005,-393.6483372
93.60782346,25.7729349,-178.1123766,-184.9072548,-391.3480456
95.57935694,25.01586755,-177.2921895,-185.8848176,-377.9822296
93.43176551,25.07089404,-175.4124196,-183.6910014,-370.6673154
95.10180825,24.31149007,-174.4637344,-184.3538546,-359.145228
96.33830562,23.51244364,-174.082526,-185.5297867,-348.4843523
96.66049564,23.71034631,-171.7429388,-186.6723661,-342.4984234
96.71285931,24.39116449,-169.7781722,-187.0690572,-333.4265527
98.29580879,24.52882168,-168.659145,-186.5521195,-325.6327034
96.51459824,25.4036866,-167.6462135,-186.7202922,-321.1653278
98.07990583,27.45098142,-166.4307873,-186.9368562,-315.4973182
99.79737482,28.62628163,-163.9507792,-185.044854,-310.7823021
100.5116304,28.59923117,-163.3182746,-184.7689805,-307.3262932
100.3850892,28.93037706,-161.0147814,-184.8800403,-303.027267
101.8708525,31.15321778,-160.0427762,-184.9464321,-298.9040723
102.029795,32.58741299,-158.4134053,-184.6611988,-296.6922819
100.7627737,35.10921555,-157.1602812,-184.2149127,-293.9176662
99.1179273,37.13330201,-155.1176627,-184.2248179,-290.3428172
99.62360084,39.04926161,-154.3374992,-183.5448529,-287.2931961
99.70246929,40.45643208,-151.6672977,-183.1563474,-285.2788888
102.9768104,41.58093582,-150.1745112,-182.2325628,-283.9603599
104.9458671,42.59707791,-148.9193822,-182.2167166,-282.9642977
105.5492254,43.94561019,-146.3416593,-182.5650683,-282.5771746
105.8195866,45.55784708,-143.846573,-182.827147,-280.4515326
108.1423795,46.75498239,-141.7506158,-182.1213149,-279.1656672
108.781381,50.09824302,-139.9982285,-182.0377185,-276.4848784
110.7544725,51.99817485,-137.7566292,-181.0521527,-275.6422786
110.0268308,54.79797648,-135.2219353,-180.6323352,-275.6659872
112.1221227,58.41621337,-133.4196908,-180.0001333,-274.6994056
114.0669021,61.17685948,-131.1562181,-179.3713988,-273.9116956
115.7673606,64.81970137,-128.0320561,-178.3699258,-274.0937964
115.11304,68.26080078,-125.3124445,-176.9677944,-274.2087788
113.7459954,71.20961665,-122.9144343,-176.0095303,-274.5827871
114.8664191,73.27223157,-120.0609073,-175.1424043,-274.8133704
116.2776119,74.33996911,-117.7976706,-173.9740477,-274.0725963
115.7201235,76.16827749,-113.7451696,-172.6786934,-272.9141354
115.824853,78.55006364,-109.9974582,-172.2189978,-273.0692625
116.9104853,80.06404027,-107.1404632,-170.548712,-273.5505694
117.5036891,81.09663812,-104.7241733,-170.0943372,-274.6860451
119.8726862,83.2350759,-101.7050778,-169.2276415,-275.0597645
120.7912201,85.75178947,-97.45150052,-167.1197452,-275.2307727
120.8668792,86.59900182,-92.41595026,-166.4495082,-277.5531829
124.8676405,89.41277889,-87.40089229,-166.1078428,-278.1087268
126.8783571,90.60235416,-83.79845657,-166.7652407,-277.6436553
129.2838599,93.56819438,-79.47914386,-167.0373344,-279.3124787
128.471412,95.91978571,-74.3494503,-166.2455828,-281.752974
130.5367236,98.23787374,-68.86500525,-163.0962657,-281.6889949
130.834457,98.85128412,-64.8516504,-161.8611242,-284.5475278
128.2917706,100.7202151,-62.51003693,-161.5657581,-283.5721746
131.9141795,101.2969083,-57.64713297,-159.6909609,-284.8130413
133.0943882,101.1085615,-53.80706633,-160.3986399,-283.8993577
133.3503667,99.90573563,-47.92703324,-159.1734403,-283.4067449
133.2133868,100.0161542,-42.00783272,-159.1272375,-284.0367312
133.3576714,100.0194679,-37.03521367,-158.2086436,-282.7025834
133.8448897,100.5382073,-32.43189511,-158.6131477,-282.0095233
134.0434148,99.50212138,-27.32437369,-158.6615648,-281.4333146
133.0294345,98.05549425,-22.92574477,-158.1769868,-280.3616197
134.9400619,97.39820216,-18.84523028,-157.8260094,-279.7737907
134.9891312,94.8530352,-14.02755869,-158.8975134,-278.8492553
134.9352026,93.57865063,-8.836196478,-157.8464356,-278.5632006
134.7647758,93.3037919,-5.866186941,-156.6046752,-276.5221941
135.7042748,90.89904122,-2.025396368,-156.9027902,-274.1133134
138.7336612,89.15848046,1.704440832,-156.5645574,-270.9898098
140.8818404,88.71645563,5.485717915,-157.3430061,-269.2260079
140.523071,88.26708453,8.051674852,-156.4534065,-266.928344
140.9909661,88.02913274,9.808118791,-156.4385889,-264.7082494
141.8301102,86.77606188,12.78332968,-156.3062018,-262.3436728
141.7806539,84.90597709,15.38725999,-156.9817175,-261.5096554
141.5245925,82.77118093,17.59909644,-156.3899022,-259.4843272
142.8896552,81.26641457,19.9827807,-156.8688235,-256.8014376
142.602572,80.14833295,21.30179035,-157.5420161,-254.8429499
140.8697503,78.9252197,23.366766,-157.5471383,-252.6300535
141.2591018,78.79164382,26.19844781,-157.0473763,-250.0627202
140.9773091,77.04647466,27.74005432,-156.6134372,-247.5662933
140.8367779,76.89524202,29.77663128,-156.3064652,-246.3954584
139.8951832,76.28100165,31.94570922,-154.5248907,-243.9403132
140.9482587,78.02779058,33.79861327,-153.4926393,-242.0314952
141.7534376,77.73242944,35.96291477,-152.9260616,-239.5765009
140.4168278,78.10181224,37.91200531,-151.8943209,-238.2142869
141.4040259,77.79804448,39.19641887,-150.9393,-235.2478366
142.1903042,77.97161822,41.63524093,-151.2360938,-232.7155081
139.1795582,77.88753206,43.55929394,-149.8342464,-231.2375435
139.898649,77.62737694,46.10583789,-148.4837558,-228.7558888
141.2930752,77.70995452,47.80485612,-149.2201064,-227.0715669
142.223636,77.6681468,49.85373056,-147.7952831,-225.43593
142.6284171,76.14384076,52.23658667,-148.8876393,-222.2358118
144.8788654,76.32213024,53.75814089,-148.3973757,-219.6811145
145.2131979,75.53146894,54.14235397,-147.6551328,-217.133171
147.3434201,73.77184857,55.70060669,-148.0471366,-213.5889932
148.1113046,72.30013437,57.63087508,-146.9962893,-211.6107228
150.3179312,71.46121033,58.46133667,-147.0547789,-208.7994133
151.495449,71.59231094,60.13151762,-147.1297017,-205.518367
151.8807789,72.81893196,60.29735919,-147.5144768,-201.5982635
154.5441796,72.5789171,63.62749894,-147.3778424,-198.3110228
154.9708053,73.49241584,67.02693317,-146.6805475,-193.7444246
157.1291729,74.68591679,69.44077706,-145.5777927,-190.2359439
156.8485663,74.06940781,71.94291604,-145.1740678,-186.5311808
157.098473,73.74247159,74.25815386,-145.3516956,-184.5177359
158.2401542,73.17005674,76.09865758,-144.0272499,-181.8819257
158.7452614,71.83811424,77.2249155,-143.3957593,-178.9124312
161.3485894,70.49603879,78.77068978,-142.3841278,-176.7062332
161.3017884,70.06959613,79.7083189,-140.5479534,-174.1104105
160.9715118,69.89618712,80.31454059,-140.2109506,-172.2511479
163.42577,68.26721608,80.88929963,-141.16918,-171.2395394
164.3097557,67.27242077,81.61747547,-139.429145,-169.9752698
164.4950459,66.09187867,82.17879078,-138.0267378,-168.6289084
164.6673338,65.22953764,82.27353191,-136.5906281,-166.5574464
167.0003455,64.00789516,83.09060433,-135.1651692,-164.5485581
167.112815,63.47368403,83.22050572,-133.9155249,-162.6490133
169.8974451,62.96802233,83.17136896,-132.2779068,-161.4840255
169.8131166,61.12590315,83.2670797,-131.9096124,-159.5928345
170.5530727,59.10185958,82.84062355,-133.1023583,-157.8314513
172.3642411,57.43549057,83.26459747,-132.1148254,-155.2480143
171.435478,57.46311064,83.22865045,-130.8717373,-152.6781671
172.205431,55.16684045,83.19410491,-130.2324086,-150.0954265
172.1129488,55.05544844,82.69032169,-129.2421088,-148.1626064
174.5394674,53.73995543,82.90121343,-128.3853816,-145.5652505
177.1247169,51.71793193,82.80717135,-128.0306546,-144.0952591
177.1874076,50.48683394,83.14305831,-127.4244983,-142.4622322
177.0683017,49.32681913,83.47841305,-126.9707979,-140.6607993
176.8464967,48.29157452,84.95346019,-126.7041845,-138.5751132
177.1632744,47.18998669,85.4546803,-125.0324487,-136.0591203
178.1327095,45.91221908,87.22199371,-123.5530761,-134.7537618
178.5056876,44.8507854,89.44146697,-122.5585413,-133.9609543
176.2611326,44.38905199,91.57911753,-122.1482888,-132.8427673
176.724695,42.49108644,93.2182219,-120.3797706,-132.9623649
176.8345402,41.99525033,94.2740429,-120.9557052,-131.8077758
175.8297115,41.1851662,95.87458454,-120.8051125,-130.6129574
175.9028307,38.96065817,96.98870153,-120.6915462,-129.6795242
177.2795978,38.62921279,98.80729816,-120.8692215,-128.6375447
177.8960458,36.89728025,100.5274581,-120.6603998,-126.9651717
177.4251418,34.90525446,100.7525593,-120.5778842,-125.5063675
179.0645183,32.92632334,101.3920336,-119.9876692,-123.43422
178.8742295,32.16989243,101.9507831,-120.3319381,-121.7746348
180.1221598,32.58179351,102.8717358,-120.4401709,-120.0655673
182.4657439,32.54599144,104.5942149,-120.503114,-118.2054782
182.8895484,31.86649796,105.3997147,-120.3946772,-116.4361687
183.1869516,32.13486326,107.2478695,-120.7955567,-114.0276745
182.1245492,32.59955192,107.9509626,-120.5499531,-110.8925394
181.7649945,32.91665469,109.3352682,-120.0989644,-108.507456
182.0341656,32.34540565,109.4598735,-120.4586912,-105.6892224
182.0381394,33.48490697,109.4718329,-120.1459453,-101.4416012
181.5450954,32.68869686,109.2861164,-120.3050621,-97.22587887
181.7400989,33.33375139,109.7829271,-118.9518055,-93.9250332
182.4544789,32.69728967,110.2178355,-117.5238197,-90.08811342
183.9890739,32.13243591,109.221053,-117.4793756,-85.03089712
183.4932941,31.21264135,107.9887309,-119.4245432,-80.90090759
185.3981858,31.4297776,109.0206156,-118.2616459,-74.4803975
187.4575156,31.11946503,110.8455978,-117.5836766,-70.92987995
187.0219675,31.75988925,109.3346474,-117.6041177,-65.82177012
186.9904764,32.85840308,110.6143676,-116.3232178,-62.22207538
188.7544897,33.66015338,110.5037704,-116.7831237,-59.71057023
188.6586305,35.12324298,109.460968,-116.6019935,-57.07717072
188.5686069,36.34375423,110.1735213,-116.2907312,-55.70047949
189.1649066,36.89476616,111.9820641,-115.2524067,-54.93330088
189.6024099,38.66052324,112.780324,-114.2656393,-53.45656483
192.0881263,39.57233719,111.9002952,-113.105258,-53.06177673
191.8781723,40.87641209,112.1766486,-112.0338527,-52.36371019
192.1134834,42.20480823,111.491793,-110.3363372,-52.52279865
191.9061557,43.80780838,110.1374834,-108.9076658,-51.88276387
192.5991652,44.63639217,109.7513869,-108.2975985,-52.54365554
193.3839662,46.32402433,108.4862985,-106.9661568,-52.56151851
193.0559376,47.42922298,107.018654,-105.2278629,-52.66605505
194.0931587,48.06643834,106.1932326,-103.782166,-53.22038843
194.3444958,48.27528072,105.5321502,-104.3119255,-53.13126284
194.8262483,49.16159177,106.1021297,-103.3783289,-53.57316866
194.9322488,50.27778062,104.2913518,-102.8170656,-53.35237998
194.9692163,51.22255721,102.4619467,-101.7606641,-53.34878052
195.5156032,52.36401309,100.9339359,-101.6659477,-53.43371098
197.4312574,54.05084501,99.08033254,-99.74555775,-53.58281286
198.1647817,54.69659407,98.24988881,-98.0855171,-53.40520143
200.7411358,55.54572722,97.84039343,-97.65692252,-53.1786497
,56.32262729,95.76935472,-95.95985156,-53.65363786
,57.34702578,94.78520014,-95.40099216,-53.73485256
,57.92792725,93.08034979,-95.13123252,-52.8714625
,58.83934863,91.70188945,-95.96230351,-52.5450616
,59.91154089,91.09803658,-96.80247022,-52.0748051
,60.18864904,89.47241467,-96.31924614,-51.53524403
,60.57119905,87.88003715,-96.1122451,-50.90151057
,61.35058837,89.0339093,-95.93077843,-50.33930861
,61.67300949,88.30904287,-94.84707363,-49.69308206
,62.87940955,86.84590446,-95.48090093,-48.86228308
,64.25829779,86.27264594,-96.00477878,-48.57927152
,63.61762021,86.92515934,-94.5271859,-48.41944756
,64.69954585,86.4314319,-93.92648887,-47.92867816
,65.63166922,86.04573174,-92.78766209,-47.37687731
,66.4194818,85.86723912,-92.1717383,-47.10010473
,68.10297239,87.22108381,-91.2558868,-46.86129415
,69.15353127,88.16991624,-89.44073937,-47.14107487
,70.57068349,88.69109479,-88.90337266,-46.4443963
,72.92401243,90.84632952,-87.08729058,-46.70088539
,73.72901218,91.74611907,-84.64882403,-46.53609347
,74.3598835,95.03896247,-82.48553768,-46.35717468
,75.72639683,94.73873556,-81.46611834,-46.22965514
,75.64247563,94.83044607,-80.0062979,-46.20861395
,75.82742157,95.37513827,-78.74745671,-46.10079226
,77.17139468,95.94303214,-78.15815892,-46.03617946
,77.40214076,96.71345455,-76.99393795,-45.04480137
,78.57399917,98.631207,-76.16746764,-44.60477171
,79.57254413,100.4122487,-75.50894696,-44.49233981
,81.33522627,102.2800527,-74.72927795,-44.09738457
,80.57279136,104.14713,-74.25559858,-43.84285656
,80.47766506,106.7494367,-73.23534705,-42.92111981
,82.83158645,109.1725136,-72.35528863,-42.00023514
,83.88374177,111.4270424,-71.95055556,-41.24786708
,85.16036153,114.0507467,-71.52925521,-40.29636878
,86.43424986,116.2162213,-71.0548768,-39.76902314
,87.27579135,118.4980126,-70.84238264,-39.29595362
,87.36186653,120.919859,-70.75210048,-39.17720746
,87.7724504,123.7480361,-70.29006273,-38.09411678
,88.18579196,126.0891085,-69.54491415,-37.44895059
,89.0687831,128.5637156,-68.89416503,-36.91660103
,90.25501065,130.7525648,-69.83488502,-37.14494243
,90.95570831,133.541736,-69.50771101,-36.73954497
,92.32044633,136.3860692,-70.4292716,-37.09263673
,92.33287421,139.4692332,-70.16845647,-36.97771124
,93.76285626,141.9194114,-70.30111885,-37.00428394
,96.10698143,142.9746746,-69.79356076,-36.62796249
,96.73158142,145.763022,-69.5590165,-36.02166531
,97.87704867,147.8757999,-67.71144059,-35.74235179
,97.97662727,146.3465405,-66.99948587,-34.74088506
,99.04162183,148.3531615,-68.46699104,-34.60533205
,100.2940435,149.046674,-68.83639187,-34.10738887
,100.9492659,149.5490815,-68.96692263,-33.63319531
,101.1173491,150.1994817,-69.07851762,-32.90362013
,101.9593241,148.6418661,-68.91398576,-32.40868174
,103.8173206,150.1849516,-68.63768765,-31.96035323
,104.150563,151.2364877,-68.40681149,-32.11561558
,104.5219035,153.2461483,-67.59633708,-31.72223347
,104.0722725,151.8255556,-67.07851853,-31.39694397
,104.0511588,152.7272376,-66.89679936,-31.38290908
,104.2950329,154.5886888,-66.60464678,-31.15859376
,104.6523286,156.2302769,-66.86634449,-30.87578211
,104.6051038,157.3999924,-66.89240077,-30.46831945
,104.0452021,158.3567915,-66.33320864,-30.03142367
,104.2642377,159.4950794,-66.64858899,-29.63923283
,103.7626355,159.8581615,-65.60616158,-29.3326254
,103.0624898,160.4472776,-65.14960962,-29.0835832
,102.1057498,161.8519089,-64.26669599,-28.97318231
,100.8943858,162.4633693,-64.42088141,-28.25877281
,100.6417049,164.0142678,-64.28399047,-27.28857745
,101.3777623,164.6123501,-64.18036297,-26.81569295
,100.8178935,164.6747383,-63.37728281,-26.94911167
,101.748415,165.5022039,-63.46641126,-28.35807663
,102.2664436,166.1056486,-63.29152535,-28.57879116
,101.8577254,167.3927649,-62.76268928,-28.20408222
,102.6368784,168.8527356,-62.55558804,-27.77856939
,102.459185,169.2423409,-62.83021779,-27.18408713
,103.3142776,168.7652517,-63.19929252,-26.85832531
,102.8774898,170.2455648,-63.74235573,-26.31800197
,102.9178202,169.9965334,-63.60701395,-26.73840591
,103.2550018,170.2158037,-62.34726616,-26.33815118
,102.5985148,171.345616,-61.99390631,-26.13327108
,101.976604,171.4569621,-61.76602971,-25.54096257
,101.9511422,171.4080384,-61.42876084,-25.13910747
,100.5281706,171.6907665,-61.46749075,-24.7603915
,100.6752818,171.7271905,-60.85834609,-24.37302347
,100.3793942,171.2062662,-60.98583473,-23.67568043
,101.2895599,171.7454084,-60.64549888,-22.72632465
,100.9544762,172.6015043,-60.82726441,-22.52470556
,101.0592791,172.0610541,-60.60944912,-21.71155738
,100.7357892,171.3124241,-60.43221862,-21.53229434
,100.8704014,172.7459035,-60.56092352,-20.94710325
,100.9614151,173.4408398,-60.40482947,-19.89232095
,101.7378546,174.7711874,-58.91004087,-19.86528851
,101.6413857,175.6372197,-58.43676106,-19.600201
,101.7499438,177.2258477,-58.23314479,-19.60927227
,101.9646996,178.9349186,-57.70630375,-19.32966269
,101.8174291,180.6878761,-56.95306491,-19.38569598
,100.7919287,182.5195756,-56.29142072,-19.25264464
,101.3172886,184.6471936,-56.14841179,-19.03717879
,101.3209571,185.4805988,-56.01430641,-18.66376278
,102.1637034,186.9066613,-56.0058767,-18.19765419
,101.8850886,188.9029883,-55.31222663,-18.23572959
,101.6562002,191.0560892,-54.55835317,-18.22147178
,101.4990936,193.10896,-53.61774266,-18.1266569
,101.0837473,194.0353205,-52.01129723,-17.78809996
,102.0637215,196.6459017,-50.50205725,-17.71822921
,101.835,198.749061,-49.96054312,-17.79645795
,101.9092217,199.0961291,-49.32684666,-17.43270169
,102.1631366,200.1531082,-48.24359652,-17.31866733
,102.9175548,,-47.66697594,-17.08606193
,103.6370933,,-46.72085223,-16.81970873
,105.2096363,,-45.9492849,-16.53862381
,105.6033627,,-45.82187337,-16.13614591
,106.3710163,,-45.26960026,-16.20997503
,105.3071132,,-44.92397669,-15.92502861
,106.2185017,,-44.69143477,-15.71832608
,107.505456,,-44.58658177,-14.8007459
,107.4579904,,-44.15766078,-14.78372629
,106.6911052,,-43.74909718,-14.75220197
,107.0831147,,-43.18147883,-14.50767
,106.5535962,,-42.91203679,-14.61268281
,106.2132981,,-42.74693472,-14.325384
,106.3745806,,-42.68428929,-14.13555315
,106.4367954,,-42.82910107,-14.49969558
,106.5374721,,-42.16369505,-14.199908
,106.9886629,,-41.92590503,-14.22950872
,106.9863361,,-41.67519232,-13.8909078
,107.3523273,,-41.34366682,-13.74323622
,107.3145134,,-40.95545128,-13.95899586
,108.7989225,,-40.79308783,-13.76300644
,109.3385932,,-40.55073499,-13.50006742
,108.2618209,,-40.35241166,-13.29822385
,108.2120931,,-40.29665115,-13.24866654
,108.4161,,-39.91058786,-13.33787998
,108.6173495,,-39.73569535,-12.9184889
,109.0313251,,-39.41013216,-12.75528835
,109.2567314,,-39.14700435,-12.2249172
,109.5576721,,-39.00517555,-12.60443984
,111.0720163,,-39.11991437,-12.47830514
,111.6096217,,-38.83921592,-12.46020719
,111.7157035,,-36.90320423,-12.25639797
,111.7097927,,-37.17531608,-12.09149174
,112.1081289,,-36.054723,-11.64215929
,112.4274822,,-35.81172422,-11.81138381
,111.5103576,,-35.32294092,-11.55352874
,110.6965023,,-35.3620711,-11.65368006
,111.3505799,,-34.88349653,-11.93623521
,111.3469826,,-36.50081107,-11.41338078
,112.3226954,,-36.88822252,-11.29842906
,112.3044147,,-35.64308709,-11.14416036
,112.4738661,,-35.13496366,-10.64603648
,112.8763116,,-35.09759573,-10.02952281
,114.8404094,,-34.79422051,-9.66544175
,115.4136416,,-34.31779055,-9.925379441
,114.4943744,,-33.96427481,-9.481155549
,114.8525671,,-33.33499328,-8.938156585
,115.4710759,,-33.61402686,-8.690568246
,117.319521,,-33.44825158,-8.807797325
,117.765867,,-32.89983312,-8.632835042
,118.2763335,,-32.9109395,-8.499209161
,119.6772291,,-32.54593774,-8.255170574
,121.2086833,,-31.98072695,-8.17718494
,121.462662,,-32.05304029,-8.180375116
,121.0684741,,-32.0850894,-8.03078592
,121.6979873,,-32.46557699,-8.576107534
,121.9853988,,-32.37825257,-8.382850842
,122.7365682,,-32.26476625,-8.442185404
,123.7821377,,-31.48680447,-8.656323203
,123.831178,,-31.49892156,-8.98646041
,122.4072352,,-31.57783562,-9.563434998
,122.233968,,-31.49328303,-9.47088812
,121.2597401,,-31.54364265,-8.396802758
,120.9776989,,-31.92767232,-8.030598384
,121.1990651,,-32.00151808,-7.930878309
,120.8756111,,-31.35018584,-8.136836261
,121.1068725,,-31.42901227,-8.635647471
,119.9711971,,-31.07798276,-8.298316078
,120.1348406,,-31.2174125,-8.303300339
,119.7265105,,-30.92614862,-8.222571051
,119.999253,,-30.67878072,-8.260283568
,119.8172765,,-30.73574234,-8.157830184
,120.1778806,,-30.33963155,-8.358658453
,120.0542199,,-29.99577425,-8.541756903
,120.3045805,,-29.58043379,-9.0397265
,120.3804493,,-29.56452711,-9.784710145
,121.3333734,,-29.09548074,-9.806305881
,120.0092813,,-28.84260513,-9.935838656
,119.5184349,,-29.13296715,-9.783728791
,120.4433839,,-29.17222017,-10.10562493
,120.2501821,,-29.01035288,-10.20671412
,120.9498476,,-29.11846007,-10.97027492
,119.9952787,,-29.05447224,-11.38676694
,119.1574767,,-28.73415797,-11.26841195
,118.9891466,,-28.5039923,-11.33326789
,119.8744423,,-28.13764698,-11.56617484
,119.4870996,,-28.46741704,-11.7670894
,119.6534294,,-28.26954163,-11.79087581
,120.6580355,,-28.48491948,-11.89888515
,119.9854336,,-28.54238428,-12.226083
,120.6777106,,-28.21054258,-13.23648568
,118.9302706,,-27.92930189,-13.09438498
,119.1290187,,-27.81264143,-13.0737028
,120.1892098,,-27.41964374,-13.51013276
,121.5310111,,-27.65582969,-13.8881835
,122.0694629,,-27.35378633,-13.89158067
,121.4114409,,-27.13211322,-14.09784237
,121.3271671,,-26.87562072,-14.52606488
,121.7827917,,-26.72712897,-14.84641107
,121.8826627,,-26.63279843,-14.91090256
,120.282324,,-26.37233933,-15.20358731
,118.8186543,,-26.49673588,-16.08903521
,117.9000869,,-27.07460639,-16.37799121
,117.4171167,,-27.3090021,-17.16146313
,116.3157228,,-27.70651782,-16.93504112
,118.3697397,,-28.08894505,-17.43013231
,118.1685847,,-27.84011277,-17.41691367
,117.943537,,-27.79328015,-17.58650704
,118.6215744,,-28.14664783,-17.92735053
,119.6802091,,-28.59863158,-17.33825802
,120.0214226,,-29.19093943,-17.23074323
,120.8708421,,-29.4011695,-17.16161742
,121.298998,,-29.56474755,-17.63977778
,121.8062997,,-29.24427981,-17.30873752
,119.6383825,,-29.48419931,-17.13304473
,119.1357001,,-30.35477529,-17.01656154
,116.7269348,,-30.43043596,-16.84333578
,117.1064028,,-31.03207922,-17.06553695
,115.1414399,,-31.15803376,-16.93818556
,114.6463521,,-31.90645009,-16.80811686
,115.8049545,,-32.47877893,-16.70118572
,115.2478649,,-32.75202262,-17.13381838
,115.7581809,,-33.23831568,-17.45500641
,116.6224211,,-33.70900081,-17.61094644
,117.0048006,,-34.0268495,-17.64448482
,116.6757683,,-34.29863848,-17.66251263
,117.4947578,,-34.60902167,-18.01196654
,118.9565667,,-34.84106087,-18.34524957
,119.3609437,,-35.14036725,-18.20317264
,118.0180913,,-35.31094508,-18.77587072
,118.9197468,,-35.64729161,-19.38798972
,118.7196562,,-36.04412568,-19.18893531
,119.5819014,,-36.00269742,-19.55570432
,118.9873295,,-35.75718968,-19.37666193
,119.0853121,,-36.22913702,-18.84557162
,119.3232404,,-36.6008777,-18.91997171
,118.779992,,-36.7200918,-18.61642823
,119.4150751,,-37.46288439,-18.89142432
,120.5457419,,-37.61631066,-19.58086026
,120.292735,,-37.60629648,-19.9624623
,120.8709706,,-37.88268802,-19.68427173
,122.0606401,,-37.93107023,-20.25522356
,121.9278233,,-37.99862224,-20.36625369
,120.8045656,,-38.39904874,-20.5326172
,119.907092,,-38.83584162,-20.04759897
,120.2970555,,-38.82664349,-20.02599421
,120.5828957,,-39.82011864,-20.11079171
,121.5701613,,-40.16810118,-20.00784139
,120.5701681,,-41.00249699,-19.93065354
,122.131424,,-41.13431436,-19.93464337
,123.6079595,,-41.49302431,-20.49048219
,123.875637,,-41.82045002,-20.82800466
,124.423943,,-43.04376155,-20.96107753
,125.1381742,,-43.74588569,-20.80739722
,126.9040043,,-43.83320379,-20.81089435
,128.2373329,,-44.40640579,-20.3362338
,129.6539902,,-45.37099282,-20.85254168
,130.8872417,,-45.89439831,-21.11927672
,132.0327003,,-46.97355214,-21.26571503
,133.2503895,,-47.57499253,-21.40225006
,134.8536627,,-47.71588705,-21.02564055
,136.6152038,,-47.89838159,-20.93812502
,137.4835367,,-48.41158911,-20.84874008
,138.3106324,,-49.03810848,-21.18845466
,139.8175439,,-49.31767157,-21.08553635
,140.8972521,,-49.77482991,-21.35061511
,142.525908,,-49.92922353,-21.35360044
,143.312194,,-50.16373724,-21.74463424
,145.0800804,,-50.55742129,-21.79969187
,146.0495818,,-51.27279734,-21.48501286
,146.7780958,,-52.08771845,-21.96473455
,148.428565,,-52.03687716,-21.66940138
,149.707847,,-53.15741364,-21.33912427
,151.5630633,,-53.93766282,-21.07073767
,151.892569,,-54.60970121,-20.70109275
,152.8172755,,-55.46365041,-20.28298543
,151.0934838,,-56.44762923,-20.62630816
,152.5128429,,-57.15085023,-20.68138632
,154.0875019,,-57.48690779,-20.82713487
,153.2123827,,-58.04269903,-20.66925042
,154.6241726,,-58.51057177,-20.59242424
,155.2612285,,-58.3904522,-20.18808336
,157.5191142,,-58.49463431,-20.22942119
,159.1553333,,-59.21731892,-20.60437881
,160.7332122,,-60.23456355,-20.35507153
,161.3598839,,-60.84937907,-20.25960883
,162.6383563,,-60.54759965,-20.19278205
,163.8738259,,-61.19797836,-20.43646261
,164.1616738,,-61.42900706,-20.48255703
,165.8025126,,-61.65777525,-20.57692942
,165.9124928,,-62.05461465,-19.89800296
,168.1473631,,-62.58167676,-20.1277482
,169.8333395,,-62.75493286,-20.52604785
,170.6267501,,-63.0143577,-20.70586702
,170.8487463,,-62.48381503,-20.79838516
,171.2363467,,-62.65985847,-21.00154816
,172.6484929,,-63.0228448,-20.98417334
,174.1792238,,-62.86894952,-21.15510111
,175.0984279,,-62.77087062,-21.58981363
,176.4487122,,-63.11225815,-21.47569292
,178.2389719,,-63.20159079,-21.44431638
,180.2446573,,-63.18857243,-21.37974768
,181.8585562,,-63.25640633,-21.11779834
,182.9316637,,-63.23270631,-20.97393088
,184.2735025,,-63.23126637,-21.15346154
,184.5233705,,-63.23213951,-21.44967304
,184.7872244,,-63.55285111,-21.71462509
,183.7864131,,-63.94156095,-22.08546156
,184.5523888,,-64.00516913,-21.81229378
,184.7421376,,-64.27859908,-21.79469429
,185.9541403,,-64.20245651,-21.80958578
,186.5757275,,-63.9440805,-21.93494216
,187.1856112,,-64.07984824,-21.42848796
,185.911862,,-64.31952976,-21.90727735
,188.8956562,,-63.87356048,-21.94579957
,190.3907418,,-63.47413903,-22.10997765
,194.0362302,,-63.8061084,-22.20554054
,195.0041083,,-63.00073062,-22.39106046
,198.2754346,,-62.79265584,-22.60510621
,198.9193356,,-62.05953373,-22.5402965
,199.1039265,,-61.55679562,-22.88771513
,201.2236053,,-61.0119001,-23.10090762
,,,-60.48245004,-23.04982621
,,,-60.36327804,-22.92352158
,,,-59.57485576,-23.20218782
,,,-59.35121917,-23.62046975
,,,-59.07340223,-23.65770036
,,,-58.91350521,-23.85721255
,,,-58.4296427,-23.93122755
,,,-58.02394112,-23.83179621
,,,-57.70637105,-23.48717395
,,,-57.7167538,-23.80603129
,,,-57.67526888,-23.45163946
,,,-57.27470033,-23.60023127
,,,-56.61105162,-24.00699421
,,,-56.2621664,-24.03712805
,,,-55.76604499,-24.14672222
,,,-55.51045636,-24.14053624
,,,-55.48588007,-24.06065273
,,,-55.24482319,-23.80211615
,,,-54.71035714,-24.13238355
,,,-54.9086026,-23.85611847
,,,-54.66377852,-23.9791568
,,,-54.47467709,-24.03459145
,,,-54.14226179,-24.29176008
,,,-53.70106958,-24.37385976
,,,-52.80544551,-24.01447329
,,,-52.20397806,-24.29199878
,,,-51.34537506,-24.17092649
,,,-51.63304056,-23.82389293
,,,-51.10374643,-23.0420496
,,,-50.71500236,-22.64292508
,,,-49.72738463,-22.23828565
,,,-48.98233629,-22.21052255
,,,-48.63498044,-22.40641941
,,,-48.14098285,-22.66239474
,,,-47.30176069,-22.80394186
,,,-47.21745696,-22.71142706
,,,-46.46360129,-22.63593453
,,,-45.31728605,-22.28278682
,,,-44.53528674,-22.15134308
,,,-44.44215476,-21.92362521
,,,-43.5067359,-21.68407842
,,,-43.11431485,-21.6419557
,,,-42.60223145,-21.54609593
,,,-42.37037182,-20.87337388
,,,-42.23554727,-20.71216276
,,,-42.36339563,-20.6484581
,,,-41.44726935,-20.34667319
,,,-41.17614333,-20.00311279
,,,-40.71416956,-19.73980488
,,,-40.34347432,-20.26950465
,,,-39.60315867,-20.49232641
,,,-38.62841785,-20.90501335
,,,-37.96313923,-20.80043268
,,,-37.19707701,-20.97736918
,,,-36.2214498,-20.86798542
,,,-35.64174501,-20.55518926
,,,-34.99637649,-20.7078166
,,,-34.85384269,-20.69901653
,,,-34.25427905,-20.14036708
,,,-33.90083982,-20.28872149
,,,-33.46661863,-19.94047219
,,,-33.07028162,-20.00215002
,,,-32.31628068,-20.38738643
,,,-32.06258571,-20.17175799
,,,-31.86821818,-20.43694339
,,,-31.26103084,-19.61465264
,,,-31.01491811,-19.51359359
,,,-30.70431826,-19.22686397
,,,-29.92693794,-19.05181997
,,,-29.68254511,-19.28038059
,,,-29.18782784,-18.69333086
,,,-29.07133471,-18.16332875
,,,-28.83397879,-17.8777722
,,,-28.35178723,-17.79193593
,,,-28.02210798,-17.44972139
,,,-28.10346249,-17.15566776
,,,-27.97171959,-16.9988127
,,,-27.68375034,-17.16503337
,,,-27.98774373,-17.45337883
,,,-27.89235628,-16.90964825
,,,-27.93074081,-17.00314833
,,,-27.81064207,-17.01586386
,,,-28.223139,-17.23383676
,,,-27.96791599,-16.83263232
,,,-27.86798208,-16.59694928
,,,-27.44477396,-16.88871393
,,,-27.62788692,-16.8069795
,,,-27.11150877,-17.44673678
,,,-27.18241408,-17.39846861
,,,-27.32768831,-17.15808935
,,,-27.21618711,-17.20930753
,,,-27.08438594,-17.13071394
,,,-27.03960144,-16.91817525
,,,-26.66085203,-16.6788099
,,,-25.177202,-16.73377062
,,,-25.58852435,-16.34889886
,,,-25.58727432,-16.4498784
,,,-26.49105527,-16.32312738
,,,-26.77753342,-15.64233572
,,,-27.37755604,-15.41821755
,,,-27.52797572,-15.77807988
,,,-25.76312898,-15.61070611
,,,-26.20117228,-15.10090416
,,,-25.56053142,-14.72626185
,,,-23.85724128,-14.32560477
,,,-24.32133944,-14.03095436
,,,-22.67357801,-14.00960733
,,,-22.23735823,-13.96662151
,,,-20.7890144,-13.61137783
,,,-20.39593364,-13.04288065
,,,-19.25168187,-12.81709492
,,,-18.9144052,-12.39207596
,,,-19.15478412,-11.95532337
,,,-18.89693515,-12.32531221
,,,-17.75007887,-12.05829311
,,,-17.09071355,-11.92782326
,,,-16.7935464,-11.84096317
,,,-16.96402511,-11.82148357
,,,-16.81478099,-11.54441142
,,,-16.2997893,-11.33207661
,,,-15.65125313,-11.24031974
,,,-15.68500077,-10.95189864
,,,-15.52175012,-10.33419769
,,,-15.82391407,-10.2497495
,,,-15.94526519,-10.56258384
,,,-15.86272928,-9.802555632
,,,-15.64481949,-9.947544575
,,,-14.9786789,-9.766013027
,,,-14.77654348,-9.750922976
,,,-14.81130881,-9.511679401
,,,-14.53808715,-9.541492076
,,,-14.68938615,-9.457786313
,,,-14.76085314,-9.810982192
,,,-14.54381913,-9.566388094
,,,-14.59556333,-9.375541828
,,,-14.05779442,-9.230049678
,,,-14.28220257,-9.158532613
,,,-14.38964346,-8.995594083
,,,-14.20136539,-9.311046212
,,,-13.90746779,-9.389879787
,,,-13.97526056,-9.245736654
,,,-13.22055157,-8.832823016
,,,-13.15846937,-8.861645299
,,,-13.44136994,-9.229763486
,,,-13.25920928,-9.641921334
,,,-12.94317272,-9.289477658
,,,-13.35831718,-9.185369617
,,,-13.2831876,-9.584842407
,,,-12.73416391,-9.422514518
,,,-12.67202134,-9.131749304
,,,-12.55178579,-9.3037302
,,,-12.64788182,-8.92017976
,,,-12.68126906,-9.029169608
,,,-12.78352547,-8.848283673
,,,-12.95274187,-9.065303218
,,,-13.43821809,-9.061538448
,,,-13.55931494,-8.347579325
,,,-13.62710095,-8.021538311
,,,-13.11594105,-8.090032482
,,,-12.94562244,-7.963926237
,,,-13.24237695,-7.918378894
,,,-13.11834537,-7.636447825
,,,-13.14353634,-7.442343181
,,,-12.63954603,-7.797955837
,,,-12.31848553,-7.157504603
,,,-12.60744523,-7.30976888
,,,-11.04280154,-7.118789208
,,,-12.11109146,-6.672327859
,,,-13.46488746,-7.171061757
,,,-11.6688089,-7.060369141
,,,-11.18128837,-7.404729924
,,,-9.335897608,-7.62209909
,,,-8.745912289,-7.419633777
,,,-7.38749096,-7.314351516
,,,-6.504586262,-7.649053403
,,,-4.936591085,-7.310720946
,,,-3.279847468,-6.751620926
,,,-1.324453443,-7.208804714
,,,1.166106869,-6.571074279
,,,0.682108106,-6.965569091
,,,3.319057835,-6.953996362
,,,5.519723184,-6.703655932
,,,7.400784233,-6.754552919
,,,8.336910958,-6.516486501
,,,9.573798786,-6.23738059
,,,11.58192648,-5.97843987
,,,12.84794452,-5.929317769
,,,15.29365222,-5.764762358
,,,17.36346595,-6.053536027
,,,19.71325912,-5.902777728
,,,20.79953964,-5.870978707
,,,21.27291342,-6.023199834
,,,23.09730034,-5.625921114
,,,24.83587749,-5.531188095
,,,24.98293031,-5.490330035
,,,27.2047464,-5.320772354
,,,28.43590408,-4.843632155
,,,29.94261016,-4.954021855
,,,31.71557086,-4.96378542
,,,33.90744051,-5.292340604
,,,35.01476627,-4.923200604
,,,35.48394428,-4.751196992
,,,37.7887938,-4.891944183
,,,38.35685653,-4.714612348
,,,37.69725777,-4.59075208
,,,40.1375667,-4.119258192
,,,38.67339719,-3.981673072
,,,40.31409008,-3.454140309
,,,41.14237043,-3.544289798
,,,43.197608,-3.474261404
,,,43.90003882,-3.913470289
,,,44.95491583,-4.525785399
,,,44.49792203,-4.175475252
,,,44.28038708,-3.814533644
,,,44.83498372,-4.127908919
,,,46.99850317,-3.69388598
,,,49.70054673,-3.431770041
,,,52.87853317,-3.358885472
,,,54.92030815,-3.739348674
,,,57.40126194,-3.873189095
,,,59.44303041,-3.604434162
,,,62.69718406,-3.641056618
,,,64.72583008,-4.302540341
,,,66.95172898,-4.639929211
,,,69.65498911,-4.547865356
,,,72.2552859,-4.798220144
,,,74.51388025,-4.886865414
,,,76.75534762,-5.361402878
,,,79.58512012,-5.54275424
,,,82.34797112,-5.555873225
,,,84.79503752,-5.471412282
,,,87.93338906,-5.702558066
,,,90.31958898,-5.108590426
,,,92.88812859,-5.061846861
,,,95.36636663,-4.837726897
,,,97.88808765,-4.80990527
,,,100.432667,-5.114036303
,,,102.9776453,-5.806926455
,,,102.8420055,-5.712006328
,,,105.0611159,-5.773620246
,,,107.8381975,-5.704630344
,,,110.0040638,-5.880457223
,,,112.1214343,-6.322715746
,,,115.2129131,-6.174497588
,,,117.4636734,-6.116684621
,,,120.3272369,-6.419474899
,,,123.3214322,-7.222398703
,,,125.9112425,-7.250982731
,,,128.1975825,-7.395532309
,,,130.9278284,-7.783083872
,,,133.4551982,-8.108111282
,,,135.5551615,-7.966160364
,,,137.8102416,-8.129782921
,,,137.6687031,-8.292835642
,,,137.5580887,-8.140690849
,,,137.831767,-8.833766784
,,,137.6745493,-9.492402851
,,,139.2623355,-10.12393836
,,,141.4248777,-10.34005013
,,,143.54369,-10.40134406
,,,145.7902678,-10.90631816
,,,147.6671697,-10.69180135
,,,147.4168785,-10.61643589
,,,149.8083283,-10.45140258
,,,148.6927698,-11.51891264
,,,150.9602927,-11.62191751
,,,151.9036283,-12.64336366
,,,154.473684,-13.29089761
,,,155.2080175,-13.30775967
,,,155.7258814,-13.24656523
,,,156.9440414,-13.4950709
,,,154.9260029,-13.58747131
,,,156.3107691,-14.23556596
,,,154.2584877,-14.48976792
,,,154.6732963,-14.74414931
,,,155.8411872,-15.20553089
,,,156.3395969,-15.6508632
,,,157.0031005,-15.58822236
,,,156.0072589,-15.76719296
,,,158.7295956,-15.45694619
,,,159.068232,-15.46359504
,,,158.9230476,-15.49293256
,,,160.2466401,-15.31043242
,,,161.0434401,-15.7161494
,,,162.2414252,-16.00121904
,,,161.6978495,-15.58397252
,,,162.7203152,-16.0367554
,,,162.0320619,-15.95509992
,,,162.4980379,-15.55486213
,,,162.2388928,-15.9535518
,,,163.2646031,-16.31504384
,,,162.5805596,-16.25807174
,,,162.3085705,-16.79176916
,,,160.6270769,-17.53760405
,,,158.9853259,-17.84275596
,,,156.9834915,-18.32616203
,,,156.9280283,-18.51122765
,,,156.3337184,-18.82065862
,,,154.7747366,-19.19766979
,,,153.0872791,-19.1067887
,,,152.3136169,-18.86649613
,,,150.518912,-19.13017579
,,,148.5590183,-19.11797426
,,,147.7835651,-19.57973965
,,,147.0606486,-19.7165829
,,,145.1273466,-19.71255392
,,,145.1091886,-20.10669325
,,,143.1593576,-20.24336824
,,,140.4592255,-20.48106285
,,,138.6328701,-20.73688485
,,,137.2660502,-20.84263638
,,,135.7785563,-20.54146825
,,,136.3086472,-20.71957769
,,,136.6589497,-21.05407614
,,,134.9969808,-20.96154611
,,,132.4990789,-21.44118153
,,,130.315409,-21.1981514
,,,127.9037612,-21.16599009
,,,125.5467265,-20.60448171
,,,123.3587879,-20.6725706
,,,121.2902879,-21.32788794
,,,118.5181146,-21.30013469
,,,116.6628406,-20.74835968
,,,114.3097974,-20.79353669
,,,111.8882928,-21.04324656
,,,109.2810059,-20.99920727
,,,107.0693556,-21.16429501
,,,104.9591251,-20.72457448
,,,102.4986865,-20.3787243
,,,99.95223486,-20.29718061
,,,96.95462123,-20.87926143
,,,94.17789097,-20.50628296
,,,92.91698799,-21.04540832
,,,90.39890823,-20.9940123
,,,88.39728287,-20.64979288
,,,85.67404586,-20.64472237
,,,83.18455892,-20.28050354
,,,80.84896099,-19.96293261
,,,80.74082193,-19.3704073
,,,78.61147244,-19.23994882
,,,76.27243101,-19.08163251
,,,73.91516907,-19.0128708
,,,71.75615668,-19.13188815
,,,69.11646888,-19.02694776
,,,66.96756046,-18.44463763
,,,64.48176293,-17.95886017
,,,61.8009948,-17.58990899
,,,61.29098449,-17.44329846
,,,60.33917597,-16.69756477
,,,58.06854857,-16.42456942
,,,57.10614132,-16.02398548
,,,55.25744683,-15.96123382
,,,54.49122737,-15.61884855
,,,56.16338489,-15.58475672
,,,58.38302841,-15.29492401
,,,60.11172664,-14.50968037
,,,62.44621159,-13.87555895
,,,62.85495408,-13.46020983
,,,62.05377981,-13.46475153
,,,59.43404185,-13.34490189
,,,59.43007489,-13.10444178
,,,59.99041432,-13.09631605
,,,62.27371585,-13.41540756
,,,62.30009112,-13.42859341
,,,65.17779401,-12.44486818
,,,65.45299535,-12.45686146
,,,65.79464011,-12.08383306
,,,66.91320164,-11.83136613
,,,67.45929872,-11.27306918
,,,67.4350581,-11.36012075
,,,67.87857319,-11.0171046
,,,70.8936582,-11.10780137
,,,71.14898305,-10.59823119
,,,74.16379833,-10.38883068
,,,75.29218838,-8.276046555
,,,75.28586715,-8.060107819
,,,75.45746524,-8.246551261
,,,75.43719313,-8.564498638
,,,77.01580182,-8.655716287
,,,77.64268443,-9.327653001
,,,77.94280401,-9.732578826
,,,78.31751785,-7.764425188
,,,79.06582728,-8.184374956
,,,80.23735811,-8.077444849
,,,80.71189908,-6.234422192
,,,82.0251304,-4.547389263
,,,82.65943486,-4.031636171
,,,83.93433415,-3.738738864
,,,83.8402921,-3.818491787
,,,84.33228359,-3.394432825
,,,84.65817042,-1.047123006
,,,87.26173021,-0.474950725
,,,87.86871884,1.455341592
,,,89.96558371,4.207584551
,,,92.95006522,4.57297457
,,,95.19440118,6.284904365
,,,96.44874873,7.901254406
,,,98.95956727,8.305165692
,,,101.2062343,10.35084911
,,,103.3218092,12.62380392
,,,105.352324,14.17255539
,,,107.3849696,15.76458991
,,,109.4492388,17.6420165
,,,111.6593814,19.86741301
,,,113.8592817,21.64607537
,,,116.4998023,22.73968487
,,,118.8306423,23.04188365
,,,121.3236666,23.20054545
,,,124.0707236,23.50952452
,,,125.6578554,23.78328481
,,,128.2713457,24.36571668
,,,130.4709474,26.06439832
,,,132.5488004,27.52328339
,,,134.7833249,29.35236559
,,,137.0296013,30.80189426
,,,138.8737268,32.46032863
,,,141.1200474,32.8686596
,,,141.8411719,34.63697344
,,,143.9263392,36.27002498
,,,146.1071838,38.50085238
,,,147.7506837,40.58085544
,,,149.7883607,42.2288819
,,,151.7215455,43.8158925
,,,154.4046419,44.23702639
,,,156.6510249,44.5375267
,,,159.0266633,46.19328643
,,,160.413907,46.91396748
,,,162.0935304,48.19060306
,,,164.2760436,48.1195075
,,,166.1426563,49.54919444
,,,167.846426,50.07599614
,,,168.9365673,49.72987368
,,,169.2522507,51.76226119
,,,172.0294928,53.18493098
,,,174.0813823,54.56108362
,,,176.7500629,56.62757408
,,,179.5566417,59.08514082
,,,180.7773008,61.67916325
,,,183.2157973,63.63741752
,,,185.3376084,65.70209552
,,,187.0082544,67.41764766
,,,188.1341554,69.49118275
,,,188.2784786,72.01230258
,,,189.6692938,74.14369681
,,,191.0375877,75.85742932
,,,192.8593302,77.46018768
,,,195.2284311,79.54539343
,,,195.3617566,82.00620002
,,,196.3642467,83.67901255
,,,196.3008466,85.40859329
,,,196.9731846,87.81784704
,,,199.0016318,89.97349476
,,,199.3630256,91.84796538
,,,199.852405,94.07455774
,,,199.9429249,96.17835717
,,,200.7732977,98.44964092
,,,,100.702564
,,,,103.2447688
,,,,105.4386098
,,,,107.8364339
,,,,110.3097286
,,,,112.4479771
,,,,114.9439969
,,,,117.4495305
,,,,119.6812829
,,,,122.2008786
,,,,124.9678172
,,,,124.7621097
,,,,126.8063919
,,,,129.4821161
,,,,131.0011504
,,,,132.9153679
,,,,135.1528437
,,,,136.7933366
,,,,136.8553463
,,,,138.9855658
,,,,141.2255776
,,,,143.8427354
,,,,144.1752409
,,,,146.9273332
,,,,147.1949213
,,,,145.6095104
,,,,145.7675176
,,,,145.7265897
,,,,145.3016257
,,,,145.4966114
,,,,147.1687193
,,,,149.0933374
,,,,151.2850978
,,,,153.406807
,,,,153.6771764
,,,,155.6890741
,,,,156.1859556
,,,,156.6256986
,,,,158.2919078
,,,,158.9477598
,,,,159.73806
,,,,162.1413005
,,,,162.4321929
,,,,162.5392737
,,,,163.2373559
,,,,163.6844622
,,,,164.0183446
,,,,164.4303993
,,,,164.7554377
,,,,165.5771844
,,,,167.9069064
,,,,169.5725675
,,,,171.5997744
,,,,173.5350846
,,,,175.5989083
,,,,176.5615102
,,,,177.4143295
,,,,178.1668984
,,,,178.889071
,,,,179.6290203
,,,,181.2229037
,,,,181.9866824
,,,,181.5225949
,,,,181.6691328
,,,,181.9209722
,,,,181.759771
,,,,181.7113857
,,,,183.5894628
,,,,186.2486017
,,,,187.1869971
,,,,189.0715048
,,,,189.6373021
,,,,191.9589137
,,,,192.860297
,,,,191.4915913
,,,,193.8967368
,,,,194.7599572
,,,,195.1814476
,,,,195.604313
,,,,195.7374767
,,,,195.4344898
,,,,195.8133225
,,,,195.9680235
,,,,196.4071164
,,,,196.5947444
,,,,196.9187593
,,,,196.8866695
,,,,194.1142616
,,,,190.8679345
,,,,191.7280305
,,,,192.5724525
,,,,192.1331691
,,,,192.4383281
,,,,193.0246571
,,,,192.7688564
,,,,192.6885527
,,,,189.9166488
,,,,190.4580431
,,,,190.4310079
,,,,190.1017351
,,,,189.9968118
,,,,190.2790627
,,,,190.9593726
,,,,191.0650159
,,,,190.6573187
,,,,190.7457955
,,,,190.8592441
,,,,190.5096399
,,,,190.6357199
,,,,190.6010098
,,,,190.1567316
,,,,192.6680736
,,,,192.8506692
,,,,192.7160215
,,,,193.5139516
,,,,193.8477131
,,,,193.6318596
,,,,194.6584175
,,,,195.0478727
,,,,195.4037545
,,,,196.4002288
,,,,194.5260212
,,,,196.6512387
,,,,196.6842321
,,,,199.2494444
,,,,201.6759609
