Experiment 1,Experiment 2,Experiment 3,Experiment 4
-631.0948109,13,-489.7518721,-185.5117917
-579.0227449,11.5,-496.8873113,-155.7357033
-576.5551815,11,-619.4620828,-195.4664992
-459.0062896,10.5,-672.6823709,-217.5074712
-400.0364286,10,-642.7669659,-254.7115936
-353.4472492,9.833333333,-664.0109845,-230.4843679
-329.8268501,9.714285714,-619.5967497,-194.1095339
-308.6940917,9.625,-619.1283434,-213.7482895
-290.3657207,9.555555556,-615.5011258,-206.5034631
-277.4602142,12,-655.4566971,-224.8406412
-266.6110752,14.45454545,-649.9967176,-215.6053207
-274.200262,15.91666667,-631.2826117,-231.2394584
-272.4164043,18.92307692,-616.3159453,-242.7215714
-278.4470629,21.64285714,-608.6349286,-252.1385998
-278.8412402,22.73333333,-599.2809437,-259.8661392
-303.9093439,26.25,-614.4187037,-269.5377358
-322.7717238,36.47058824,-617.6303901,-278.473005
-375.1432898,40.05555556,-631.282582,-280.9296456
-399.2133478,41.73684211,-621.7135443,-283.6853521
-401.016087,44.15,-612.8025633,-295.6471965
-405.7015497,47.76190476,-603.8875856,-307.3390918
-419.4406253,48.13636364,-593.5801188,-316.7521337
-420.1456326,52.52173913,-583.9017539,-324.8844414
-407.2769594,55.875,-579.2912126,-339.4600997
-389.924798,61.64,-576.655264,-340.5846305
-376.367067,66.96153846,-574.844162,-343.09888
-364.9097325,68.88888889,-567.3014556,-345.5605092
-356.929267,70.17857143,-559.2875556,-352.1861529
-347.6743589,71.96551724,-555.6446849,-348.9724285
-340.8820786,71.76666667,-546.1816277,-344.0996015
-330.8188155,73.32258065,-542.9360513,-343.4438906
-331.3163538,74.28125,-542.5900294,-337.7717982
-324.9576317,74.51515152,-538.5929933,-336.2906429
-319.4443326,75.52941176,-532.0370265,-334.7264485
-314.2988493,77.48571429,-520.0549337,-333.5833058
-310.6194001,78.27777778,-510.8007616,-329.0095436
-326.6739595,79.64864865,-506.867908,-331.034636
-350.2262733,80.84210526,-497.5598526,-330.3215228
-357.8713781,81.64102564,-488.1435274,-328.0366228
-351.6880098,83.175,-479.3712759,-324.2441146
-355.7867889,84.31707317,-474.5940973,-319.6106042
-361.2103431,84.92857143,-475.474175,-321.5901496
-356.0955573,85.90697674,-468.0170479,-353.4676393
-347.7211288,86.70454545,-467.6283747,-348.1028552
-342.3001942,87.77777778,-459.3987715,-373.3203614
-337.7652585,89.02173913,-453.5736946,-390.3468623
-333.6613478,89.93617021,-449.8672626,-388.4417527
-330.0081746,90.75,-445.0290102,-429.6215964
-327.1186125,91.40816327,-442.7173146,-426.6738268
-323.4791672,91.9,-439.9127977,-428.8809778
-319.8954889,92.33333333,-435.7856672,-445.4939108
-316.2372724,93.23076923,-430.4635928,-477.7839716
-313.3860866,95.24528302,-427.5198016,-494.6425134
-310.2211471,96.2962963,-423.0948558,-488.1977133
-306.9403223,97.23636364,-417.4819849,-512.6593187
-304.0816997,98.08928571,-415.436602,-521.5709455
-301.11857,98.43859649,-411.9432703,-518.0075082
-298.4793767,98.98275862,-406.5710336,-511.7870783
-296.008168,99.28813559,-401.417861,-513.7628619
-293.2568488,99.63333333,-396.3969894,-525.773169
-290.4004913,99.93442623,-396.673604,-538.0981741
-287.1988307,100.8709677,-391.5408896,-545.3767055
-284.764691,102.4444444,-388.0211049,-553.9306013
-282.566004,102.8125,-385.4238968,-562.2451801
-279.9935336,102.9692308,-381.2692764,-563.6600213
-278.2843768,103.0909091,-377.5545401,-565.8038535
-276.337077,103.3880597,-374.296515,-579.2902229
-274.3597858,103.4852941,-370.6721282,-580.068107
-272.3777965,104.884058,-367.1413623,-596.6325105
-270.2873516,105.4285714,-364.9277973,-595.9140829
-268.3173358,105.5211268,-361.0460132,-606.6342759
-266.758484,105.75,-358.9017713,-617.3603862
-264.9192367,105.7808219,-358.5230644,-618.3306304
-263.5830352,105.9054054,-355.5306813,-619.4594604
-265.5086553,105.9733333,-370.0475118,-623.8179513
-263.0920933,105.9605263,-366.6931066,-636.2884967
-262.1693201,106.2337662,-363.0855251,-637.941694
-263.955653,106.3717949,-367.205072,-638.818939
-263.3395025,105.9493671,-371.7658502,-635.2053048
-262.5346713,105.6625,-377.2638558,-631.7340504
-262.4260678,105.2716049,-376.0609313,-644.9721456
-264.2403871,105.2682927,-381.224661,-645.7016148
-265.7154153,104.7349398,-383.3857075,-649.6724575
-265.3903735,104.5595238,-387.3431052,-669.0286492
-265.4909755,104.3764706,-388.7075013,-666.5547474
-265.5093406,104.5581395,-391.2255336,-675.7108374
-266.95522,104.1264368,-390.8192557,-677.548204
-266.943124,104.1704545,-390.1325468,-673.5193741
-269.2605539,104.1460674,-398.9342504,-669.421651
-270.0462717,104.2555556,-400.7885088,-674.499686
-272.0644423,104.4395604,-400.6134312,-672.5988113
-271.1455183,105.1304348,-400.9096468,-671.4785427
-272.5698237,105.1935484,-399.1835489,-673.5094522
-272.2518794,106.2021277,-402.4917489,-675.7060304
-275.9656706,106.7473684,-413.3834691,-671.6742159
-276.6085005,107.4166667,-421.957322,-668.0681893
-275.8582734,108.371134,-425.3089253,-667.1295936
-277.5412289,109.2959184,-428.5341342,-678.7333658
-280.3964658,110.0909091,-427.8214287,-678.0131851
-279.2577754,110.99,-432.4388503,-676.1453791
-274.8850947,112.86,-446.7595231,-681.2915374
-276.6537773,114.76,-446.6427433,-684.3803202
-273.3332046,116.66,-444.9862185,-693.521498
-277.8903028,118.57,-448.1365525,-703.5262971
-279.2454154,120.49,-449.2878066,-703.9834121
-281.7705519,122.4,-463.6654139,-707.2089851
-283.1664934,124.31,-462.6762785,-716.2853581
-285.1297605,126.22,-457.9148688,-721.2195113
-286.5641431,128.13,-460.1711408,-724.9381444
-287.95278,129.79,-466.3697113,-728.572259
-288.337605,131.4,-472.0345718,-736.0200373
-286.3935039,133.08,-469.0634316,-739.83517
-287.0276095,134.53,-471.7677936,-741.6983992
-287.5571188,135.96,-484.4750579,-746.9552431
-287.9227543,137.58,-508.1986684,-749.3222995
-284.077136,138.79,-508.2678904,-752.139646
-281.4843525,138.79,-509.4049322,-752.9709347
-270.5464851,139.78,-504.2411564,-753.5440952
-265.2953022,141.06,-513.0909343,-752.4563734
-263.5823612,142.16,-517.1692689,-751.5358029
-261.880319,142.96,-523.2648603,-750.928231
-257.6805188,144.4,-527.9075293,-751.1574037
-255.5429652,144.91,-549.9928528,-752.1402894
-256.600702,145.58,-561.1632102,-764.7347244
-259.0636308,145.58,-569.3699414,-766.0577275
-261.0975933,145.58,-572.2315964,-768.0533534
-263.0535449,146.39,-581.3061456,-770.1841995
-267.0836025,147.34,-586.7029939,-774.2257846
-267.5545062,148.12,-592.8510657,-779.2024231
-269.8510083,149.46,-602.6696619,-784.1399322
-274.5278778,150.26,-616.2244403,-790.0080647
-274.8128331,151.22,-621.425793,-793.1497393
-276.23482,152.4,-623.0839644,-798.9414992
-278.7561132,153.31,-626.6519165,-805.949773
-280.471354,153.87,-639.2272689,-808.1511801
-280.6158505,154.81,-645.152805,-818.3917215
-275.2767102,155.52,-680.9353611,-823.5142197
-265.7360916,156.27,-689.2091464,-840.5567875
-264.9018863,157.15,-695.3932546,-849.4370131
-268.3539207,157.72,-699.2260818,-858.1076958
-268.2155892,158.04,-702.5946659,-863.3697543
-265.5391688,158.94,-703.2562125,-863.1396886
-266.7368783,159.67,-716.039817,-864.9884175
-269.893203,160.46,-728.525087,-876.2598027
-271.3431529,161.11,-733.0415861,-869.3706145
-273.369458,161.66,-736.7760185,-864.5613494
-276.2314394,162.34,-738.3869006,-869.4137586
-278.505063,163.05,-742.1397823,-852.4708216
-279.5763509,163.82,-743.6776641,-855.3642517
-282.5017903,164.66,-753.6840346,-854.7980423
-285.0297237,165.52,-756.2472959,-848.5034207
-287.5585171,166.13,-762.7095122,-831.8373088
-293.3115395,166.13,-766.2723463,-824.7491458
-302.1988152,166.61,-774.9538134,-828.2346777
-303.6171607,167.13,-781.6962911,-817.1082487
-305.7220873,167.68,-795.2898647,-811.9709189
-308.2596005,168.5,-802.6768507,-837.0492222
-312.2218502,169.2,-821.3613218,-859.1334227
-319.9545273,170.03,-827.2994875,-858.1128001
-324.3470387,170.83,-834.6634671,-860.5508014
-327.6240163,171.65,-846.5532184,-874.5000395
-332.2277882,172.07,-856.2251432,-873.7070568
-336.4237456,172.07,-871.9593284,-868.7023532
-338.0401663,172.81,-878.180138,-866.1814852
-341.3626524,173.68,-903.879661,-866.3073573
-342.3810162,174.57,-906.6765969,-869.2481062
-343.9588706,175.34,-907.4123146,-863.5577403
-345.2049048,176.24,-919.6819837,-861.8827974
-350.3562895,176.24,-924.0238055,-851.3094876
-357.7994411,176.81,-952.3252959,-857.9347427
-360.299045,177.19,-962.1975123,-849.1847338
-367.5607898,177.89,-970.8952942,-846.8629171
-371.2488121,178.81,-983.1347225,-845.3738503
-375.0307067,179.26,-996.6185958,-860.3260043
-376.3658887,180.15,-999.5501515,-857.7145748
-378.0757982,180.85,-1007.222468,-850.7629802
-385.8947851,181.18,-1016.939026,-849.1678756
-384.7970136,182.01,-1021.265266,-855.3021159
-389.3169571,182.86,-1028.728521,-863.9423891
-393.2570596,184.03,-1035.897527,-867.4307352
-395.5829114,185.29,-1037.367444,-855.9118131
-394.5418942,186.24,-1042.563857,-855.9140035
-394.3445342,187.63,-1050.843588,-859.1735487
-394.7103923,188.73,-1055.618475,-841.7936634
-394.5389789,189.84,-1064.083965,-846.6026073
-397.5852896,190.64,-1081.383904,-838.0654068
-403.5015544,191.97,-1087.529958,-836.6840768
-405.9205754,192.89,-1103.451988,-854.4650326
-405.6545683,193.87,-1111.006388,-864.1759278
-406.2605898,194.73,-1118.438539,-859.3244106
-406.5209442,195.52,-1125.273047,-860.0590954
-408.4857338,195.84,-1140.016095,-859.8744707
-408.47047,196.73,-1153.299291,-856.2747147
-409.393153,196.73,-1197.906152,-851.2586889
-407.4582392,197.15,-1207.214336,-852.9220308
-407.3018063,197.44,-1210.993445,-855.6489057
-409.2148379,197.44,-1226.269519,-857.6914868
-408.3747394,197.45,-1269.623462,-845.6420666
-405.4341,197.57,-1280.250678,-847.357974
-406.1351207,197.57,-1286.58863,-858.5041748
-406.1416552,197.57,-1285.129103,-859.1941833
-401.2525915,197.57,-1292.800227,-863.5315286
-401.7662305,197.57,-1305.345434,-856.109504
-398.793649,197.57,-1310.024535,-861.1557911
-397.6041629,197.57,-1323.999183,-863.3823083
-395.9809715,197.57,-1319.42461,-869.4858949
-394.6979861,197.57,-1330.953996,-865.893228
-393.0824978,197.57,-1338.332465,-878.619565
-392.2597841,197.57,-1375.020139,-878.5625006
-391.3991463,197.57,-1376.088563,-880.0297585
-392.2092732,197.57,-1377.799281,-876.5754596
-393.9562698,197.57,-1393.233065,-876.3245301
-396.284207,197.57,-1409.857471,-884.6128561
-398.377034,197.57,-1408.199887,-894.6458362
-401.8033342,197.57,-1391.055973,-900.6691828
-404.9744614,197.57,-1408.69286,-901.5535096
-407.7756603,197.57,-1414.839056,-903.3895192
-414.8067171,197.57,-1416.321563,-911.9961366
-417.1467462,197.57,-1425.442509,-914.4666587
-424.0181982,197.57,-1433.404728,-912.8105964
-432.2341442,197.57,-1428.991658,-919.3796907
-438.5682643,197.57,-1425.106009,-920.7490941
-447.5930844,197.57,-1403.676049,-922.2323377
-462.712484,197.57,-1403.562566,-911.9877515
-472.3972741,197.57,-1393.475426,-921.1903851
-478.0774276,197.57,-1396.562016,-925.9167598
-482.4387412,197.57,-1387.015576,-927.6390395
-484.0460729,197.57,-1402.532913,-930.3025159
-489.6218063,197.57,-1400.197277,-925.9646408
-496.1562857,197.57,-1397.677875,-930.2961529
-499.2778155,197.57,-1396.129785,-931.6721129
-501.4290319,197.57,-1408.847331,-937.3744865
-503.3855017,197.57,-1406.111844,-933.2660715
-503.9620927,197.57,-1407.386684,-929.1863102
-506.6025931,197.57,-1408.386842,-933.4015479
-509.8716108,197.57,-1405.938519,-931.473634
-511.1615456,197.57,-1425.021456,-930.5387497
-512.6232121,197.57,-1419.263318,-916.4943655
-511.1938454,197.57,-1420.419407,-911.7741175
-510.9886191,197.57,-1429.153228,-910.8275095
-510.0603757,197.95,-1438.753365,-914.4620122
-512.4018249,197.95,-1442.99939,-920.8386084
-515.111425,197.95,-1442.713882,-910.8232579
-516.7979642,197.95,-1464.476161,-908.7743859
-519.3907102,197.95,-1475.431702,-903.7433669
-522.1441274,197.95,-1497.430613,-910.8523687
-524.9483879,197.95,-1516.062929,-910.1378731
-529.3720203,197.95,-1528.658863,-913.1279975
-535.5877874,197.95,-1615.109699,-917.752265
-539.7033605,197.95,-1638.664586,-923.519493
-543.1610631,197.95,-1649.683116,-919.6462355
-547.6018221,197.95,-1662.445792,-945.8690677
-549.4309354,197.95,-1672.233504,-943.1895546
-550.1903767,197.95,-1669.427007,-948.8693677
-557.7823061,197.95,-1678.988108,-947.8554255
-565.0035628,197.95,-1683.522753,-949.3928311
-571.0705408,197.95,-1699.636761,-931.9109217
-574.4146283,197.95,-1694.000237,-919.1167244
-570.6096463,197.95,-1699.611147,-917.6576443
-571.1520272,197.95,-1724.551572,-915.30547
-572.650254,197.95,-1720.464536,-919.7498411
-573.0360065,197.95,-1726.51383,-919.0846622
-573.833876,197.95,-1723.810504,-922.4320943
-576.819385,197.95,-1727.683601,-922.388888
-576.9682415,197.95,-1712.129095,-933.8366345
-577.8519173,197.95,-1722.801115,-936.3037362
-578.0778572,197.95,-1738.430564,-931.8760038
-578.5399587,197.95,-1728.253212,-939.618666
-574.2487113,197.95,-1737.270906,-967.9477278
-568.2492209,197.95,-1722.238244,-968.7484475
-566.5678269,198.45,-1736.357211,-980.0440437
-560.318363,198.53,-1752.896572,-983.8394309
-557.4681044,198.53,-1749.167647,-1007.866796
-553.4571649,198.93,-1774.272137,-1009.236164
-549.1492069,198.93,-1769.911463,-1015.122718
-547.6790848,199.18,-1787.616047,-1020.61922
-538.9105006,199.58,-1795.052137,-1053.570416
-537.1887744,199.58,-1809.827514,-1055.078376
-531.4499366,200,-1816.629688,-1046.160011
-526.3107348,200,-1812.67827,-1045.484389
-522.1325268,200,-1815.545119,-1061.95153
-519.8687019,200,-1819.241525,-1059.200398
-517.0104619,200,-1812.110958,-1053.276035
-515.307802,200,-1807.06002,-1055.134136
-514.3130037,200,-1799.603458,-1051.293177
-510.1605975,200,-1780.137305,-1054.007589
-501.8868177,200,-1782.331938,-1054.608836
-499.1922373,200,-1774.328754,-1048.104179
-496.5611922,200,-1758.707125,-1046.313705
-494.0865064,200,-1752.131209,-1049.83531
-490.742102,,-1753.532424,-1047.339162
-488.5787141,,-1743.429837,-1054.229143
-486.5960676,,-1732.04043,-1058.001117
-486.1837897,,-1695.531749,-1065.87807
-484.7484863,,-1675.105715,-1080.500514
-484.7659727,,-1667.932359,-1079.357663
-484.2329947,,-1653.409396,-1083.177839
-483.5920073,,-1610.043038,-1088.904333
-484.8508229,,-1599.334313,-1086.233577
-486.0527762,,-1609.085173,-1078.360855
-486.5401325,,-1596.431701,-1088.375444
-488.397627,,-1601.652987,-1089.636364
-489.1191653,,-1586.564131,-1089.885529
-489.4600177,,-1578.557669,-1082.692006
-490.2642622,,-1564.988916,-1083.431231
-489.7780296,,-1552.981269,-1087.182982
-489.4716631,,-1548.152694,-1087.002303
-489.0562191,,-1542.680471,-1081.219245
-487.9318238,,-1507.020689,-1087.708037
-487.6048576,,-1501.712842,-1091.981633
-487.2102459,,-1496.080278,-1105.057799
-485.5956136,,-1486.595603,-1107.641627
-481.9577408,,-1472.318067,-1111.300464
-476.8280281,,-1462.729244,-1106.465565
-470.2268401,,-1461.886417,-1102.065602
-464.8770015,,-1441.703705,-1109.841582
-458.837746,,-1437.842973,-1107.346158
-450.5492775,,-1444.538478,-1110.146766
-445.483913,,-1437.695323,-1119.292775
-435.8229341,,-1439.288166,-1143.300244
-424.9226054,,-1447.221967,-1149.094861
-416.5867372,,-1463.137151,-1170.529278
-405.4361683,,-1476.333205,-1177.429623
-388.9190582,,-1481.545802,-1222.637162
-377.6525307,,-1507.995996,-1224.539254
-370.0698636,,-1522.508858,-1278.325749
-363.2976441,,-1545.377689,-1295.884255
-356.3402684,,-1539.695083,-1294.422159
-349.7341622,,-1535.163892,-1319.428924
-340.0557605,,-1538.264503,-1366.469994
-332.3415958,,-1526.41203,-1364.029857
-326.6050194,,-1513.940896,-1366.817849
-321.4519218,,-1522.833963,-1398.492061
-315.1051181,,-1533.891302,-1439.174639
-307.7680034,,-1535.536196,-1433.774124
-300.2869494,,-1547.162379,-1446.189909
-292.9648752,,-1502.10649,-1455.607736
-286.8953912,,-1509.649877,-1461.553078
-283.7182483,,-1508.679709,-1467.718852
-279.3646011,,-1499.635878,-1469.455897
-275.8927801,,-1487.662782,-1471.874125
-270.2042438,,-1484.089381,-1472.600811
-265.620213,,-1474.332277,-1474.934832
-262.1503705,,-1441.726427,-1468.940317
-257.9458915,,-1429.46658,-1470.763448
-252.2273644,,-1406.535974,-1464.831602
-245.7822919,,-1388.263866,-1464.981494
-237.7029905,,-1378.871827,-1460.007412
-228.791009,,-1301.099722,-1461.001439
-220.6585318,,-1279.469141,-1459.549426
-213.7723672,,-1277.907195,-1461.870055
-206.1059143,,-1281.904122,-1437.264264
-197.1827299,,-1285.967197,-1442.146896
-186.386212,,-1312.38647,-1439.791187
-176.5794096,,-1335.438735,-1438.164922
-165.0173454,,-1347.322747,-1439.54142
-152.9379241,,-1348.067424,-1434.214102
-142.5850544,,-1336.395681,-1430.498489
-137.2792718,,-1345.329458,-1436.035912
-130.5902992,,-1328.593971,-1430.731435
-125.0796359,,-1328.712488,-1408.209624
-119.6515831,,-1322.915492,-1409.639951
-114.1007663,,-1323.187989,-1407.16475
-108.3782317,,-1324.099559,-1408.115624
-104.6644509,,-1330.51292,-1400.530304
-101.69676,,-1331.866905,-1392.390607
-99.55134248,,-1315.866565,-1391.658022
-97.19776525,,-1318.271809,-1384.92484
-95.10441735,,-1307.441634,-1358.8578
-92.89002702,,-1295.675528,-1351.570595
-91.73035481,,-1273.832559,-1347.885629
-89.2142848,,-1248.536395,-1340.821379
-87.10313941,,-1239.451873,-1324.988238
-85.80588978,,-1203.314836,-1323.660938
-84.97384404,,-1193.697314,-1313.826536
-84.89917027,,-1170.358632,-1308.933987
-85.18769893,,-1155.212796,-1288.687865
-84.99472626,,-1131.779601,-1283.144918
-85.81262222,,-1112.74994,-1294.974829
-87.3263984,,-1103.339989,-1375.344651
-88.05711629,,-1098.470996,-1364.101311
-88.08845412,,-1083.528166,-1363.426487
-89.27292481,,-1079.325279,-1383.219841
-90.23607494,,-1074.899845,-1378.588589
-90.47284967,,-1070.916816,-1374.947141
-90.88176046,,-1069.087703,-1375.529929
-91.06495208,,-1059.627786,-1370.918794
-89.23775755,,-1050.563644,-1368.054035
-88.62229658,,-1048.562258,-1365.142951
-88.84788242,,-1043.819,-1368.875313
-89.56217443,,-1033.518249,-1374.312946
-90.25674756,,-1027.16859,-1367.484199
-90.74943599,,-1024.86086,-1363.397836
-89.94914955,,-1012.136317,-1353.590615
-89.3745568,,-1011.607148,-1341.570107
-88.06298704,,-1004.605582,-1343.289986
-87.09038914,,-998.2861075,-1336.441726
-86.21584387,,-994.8244454,-1330.054836
-85.23032713,,-993.8289089,-1328.664104
-83.39857154,,-972.4965065,-1325.084705
-81.62768832,,-971.0441172,-1310.75122
-78.31212778,,-958.8715444,-1307.732822
-76.3010039,,-958.8824414,-1310.842891
-74.98166127,,-952.5210608,-1310.483838
-73.85661298,,-951.0957931,-1314.757551
-73.81096771,,-948.6624531,-1314.327173
-75.23052109,,-945.5342131,-1327.81261
-76.39993237,,-947.3849138,-1329.037816
-78.13201199,,-943.3233966,-1334.284581
-78.71301847,,-940.2356131,-1335.571675
-77.7546716,,-940.2547597,-1328.250137
-77.442557,,-941.5448726,-1329.219072
-76.89616616,,-933.4884472,-1320.533985
-76.80858286,,-933.1988914,-1311.455992
-77.61452461,,-926.5260557,-1311.223533
-77.8303203,,-928.5827018,-1299.75442
-78.71542406,,-926.8596527,-1301.504033
-79.19737471,,-923.2220496,-1291.809096
-80.17665101,,-914.4840323,-1282.282837
-81.00939958,,-900.7867105,-1259.746392
-80.69575601,,-893.2142622,-1245.178117
-80.33775057,,-876.2441838,-1219.065609
-80.5350281,,-863.028864,-1206.587071
-80.12823591,,-844.6376931,-1154.383408
-80.27596367,,-818.1098482,-1140.244675
-81.35003306,,-795.3748453,-1077.82856
-83.05359212,,-771.6900088,-1054.297333
-84.07514517,,-754.9696191,-1045.747003
-84.74888201,,-753.6611759,-1020.086713
-84.35636964,,-743.9872182,-963.2197443
-84.19043227,,-742.3709119,-957.7804074
-84.13617671,,-733.4607655,-947.2168778
-85.37506646,,-724.5664672,-913.9093948
-87.53891699,,-708.5882287,-869.7127822
-89.89186088,,-693.7941874,-868.0329705
-92.65012699,,-677.7226448,-847.7457063
-95.14318249,,-665.4662853,-832.1846875
-97.08508701,,-654.6854221,-822.4076199
-96.22907444,,-647.9068119,-811.4413382
-96.26738935,,-643.6378625,-802.8151099
-95.89272407,,-640.6540685,-791.917675
-96.17564522,,-634.8314427,-782.2172088
-93.74648994,,-631.0168834,-773.7336634
-91.0055202,,-625.4258033,-772.1202417
-88.7475286,,-621.6853349,-768.6710309
-86.57559957,,-617.4569874,-762.1631254
-83.99469419,,-613.1823171,-756.4556222
-83.76782508,,-604.6530417,-754.08328
-84.03117712,,-591.8721489,-743.8636554
-81.36089455,,-577.5078526,-737.2469525
-78.5544513,,-564.0018772,-733.5692772
-75.83231331,,-539.8328776,-728.8438944
-73.62471677,,-520.054168,-721.5217319
-71.10696139,,-486.5978064,-715.2483282
-68.73635566,,-446.8331734,-711.690937
-67.27691234,,-414.7227984,-706.3261748
-67.48886232,,-389.7753835,-702.3860031
-67.24468922,,-387.8061253,-696.5961117
-65.13823504,,-367.8758327,-690.2232107
-65.59346279,,-352.5992356,-685.8814304
-65.77247399,,-341.7079817,-679.8874612
-66.02565943,,-332.212082,-671.7263335
-65.71207086,,-318.9411705,-667.2577563
-65.87540134,,-308.2107171,-660.8031275
-64.3321851,,-292.2350727,-652.3854415
-63.95803194,,-278.0311339,-650.7912734
-63.2602791,,-279.0617959,-649.9957362
-62.7191014,,-275.6678577,-646.8933814
-62.51334082,,-274.193968,-640.0875764
-62.1565633,,-272.4347417,-636.9845379
-61.44549626,,-270.7585169,-626.1580136
-61.79608554,,-270.3300228,-622.1104066
-60.08265987,,-268.4959819,-611.2655868
-60.15967002,,-265.7989928,-592.1748924
-60.35715639,,-263.6567999,-591.7158358
-59.88114389,,-261.5668657,-585.0947806
-59.11190864,,-259.5624397,-569.750644
-58.4085427,,-257.8678567,-563.8248992
-57.35906311,,-256.164768,-551.6881738
-55.9419813,,-255.0934017,-467.7325757
-54.84725799,,-253.284853,-459.9154303
-55.06889606,,-251.8734385,-459.5171786
-53.7940053,,-250.0962966,-435.951001
-52.60460304,,-248.2835363,-436.5756364
-51.11948688,,-246.4174391,-436.3059387
-49.28886702,,-244.6880542,-430.1486375
-47.65483101,,-242.4245425,-430.3104217
-47.38034382,,-240.651229,-422.6792892
-44.78271026,,-239.713791,-418.6997549
-43.28470923,,-238.5100167,-409.1156055
-41.24657411,,-237.2928583,-404.8280047
-39.30518874,,-235.6247337,-403.4137562
-37.02332088,,-234.1674783,-401.1104153
-33.46407331,,-232.499211,-401.5572965
-29.55427177,,-230.8760901,-397.5574695
-27.5927839,,-229.9274547,-394.2027287
-22.87917458,,-229.2980068,-391.4780566
-19.46495276,,-226.7939208,-388.1216037
-15.02305008,,-225.5369215,-386.3360108
-11.79139435,,-223.267326,-383.4931993
-9.560768768,,-221.5839949,-381.4300229
-6.825639241,,-217.8030775,-375.5331139
-5.243218251,,-215.1456445,-368.608268
-2.430262952,,-215.3934266,-358.8349311
1.005517534,,-211.7163706,-347.6473351
2.735935984,,-211.2000929,-334.2464036
7.125013305,,-207.7372944,-316.1072401
11.94060394,,-205.0745585,-299.8242952
15.84649117,,-201.7138937,-283.3488608
18.22474702,,-194.5062593,-269.3782015
21.37249938,,-189.4170142,-258.4587026
22.83792265,,-183.1654466,-247.7255058
25.73752864,,-183.4797173,-238.9735489
26.31485928,,-178.6388386,-234.353251
28.82512692,,-176.9641175,-227.0707008
31.25235852,,-170.7881818,-223.597848
34.19945506,,-164.3966977,-217.7465421
36.56736974,,-157.5126033,-212.2612408
39.22775275,,-152.6844591,-208.2506222
39.66245204,,-150.2529977,-204.6855546
39.65256841,,-145.0473542,-202.6546636
40.00114187,,-142.7955184,-201.0140277
40.56018121,,-140.4353576,-199.3635177
40.54796905,,-140.6604974,-197.3890046
40.85863418,,-139.9819713,-196.0443479
42.36597893,,-138.0932024,-194.3318715
45.89130025,,-137.8381451,-193.1565451
48.8060632,,-137.0534531,-191.7633745
49.19722933,,-136.1829411,-190.0806544
48.95142923,,-133.9522642,-189.4843625
48.73430248,,-131.8251811,-188.0924703
48.43867553,,-131.3269803,-186.1038039
49.86998779,,-129.5371918,-183.9586371
49.38900978,,-127.5765828,-182.6638569
49.70239445,,-127.3197234,-181.6593421
50.39608242,,-127.7968719,-180.4900842
49.92408819,,-127.9819372,-179.7231908
49.371255,,-128.7743159,-178.1123766
48.97199151,,-128.5539054,-177.2921895
48.85139088,,-129.0903213,-175.4124196
48.70133817,,-129.4386096,-174.4637344
48.55949251,,-129.8307854,-174.082526
46.10410421,,-130.7462134,-171.7429388
44.56164859,,-130.9200266,-169.7781722
43.19568789,,-131.7051059,-168.659145
42.88677902,,-131.4987311,-167.6462135
41.09437722,,-131.6001536,-166.4307873
42.76567513,,-131.500047,-163.9507792
44.76282945,,-131.6049419,-163.3182746
44.14283744,,-131.4652641,-161.0147814
43.5481247,,-130.9708288,-160.0427762
43.09307063,,-130.9172599,-158.4134053
43.35079189,,-131.1640145,-157.1602812
42.53871626,,-130.7536897,-155.1176627
42.56563561,,-130.2578852,-154.3374992
41.77569538,,-129.7906377,-151.6672977
41.64246651,,-128.6178605,-150.1745112
39.27941353,,-128.8341371,-148.9193822
39.00248173,,-127.7438205,-146.3416593
40.55433534,,-127.0141018,-143.846573
42.21932284,,-126.2514607,-141.7506158
43.09628812,,-125.7435931,-139.9982285
43.61081306,,-124.6104737,-137.7566292
46.0826858,,-122.4368463,-135.2219353
47.11660693,,-121.5553908,-133.4196908
48.77107216,,-119.9383661,-131.1562181
49.17068397,,-117.6564189,-128.0320561
49.56523306,,-115.6182633,-125.3124445
48.13911457,,-113.9537795,-122.9144343
49.97925177,,-112.533024,-120.0609073
51.49568822,,-111.9121114,-117.7976706
53.56769151,,-110.7578291,-113.7451696
53.25624436,,-110.2020077,-109.9974582
55.02121429,,-109.0506002,-107.1404632
54.96289533,,-108.2868287,-104.7241733
56.60330128,,-107.4532707,-101.7050778
57.11202551,,-106.67484,-97.45150052
56.64489229,,-106.330211,-92.41595026
59.30877756,,-106.019727,-87.40089229
62.17718613,,-105.3355067,-83.79845657
64.36998241,,-105.4251663,-79.47914386
67.17918005,,-105.6318486,-74.3494503
69.08130273,,-104.8998497,-68.86500525
71.05688559,,-104.8970656,-64.8516504
72.81274543,,-105.2227707,-62.51003693
73.11788631,,-105.248178,-57.64713297
73.41158631,,-105.4505881,-53.80706633
74.12639949,,-105.4622546,-47.92703324
72.40600467,,-105.0321046,-42.00783272
72.22617226,,-104.6382493,-37.03521367
71.93694102,,-104.6920153,-32.43189511
71.83623739,,-103.882372,-27.32437369
72.75497288,,-103.6778647,-22.92574477
72.54994633,,-103.4885536,-18.84523028
71.1668163,,-102.6165209,-14.02755869
71.65027348,,-101.9870296,-8.836196478
68.62006829,,-101.1473897,-5.866186941
68.84707336,,-100.080202,-2.025396368
66.19315297,,-98.85208439,1.704440832
66.35845184,,-97.81307573,5.485717915
66.93677774,,-96.30922068,8.051674852
66.63110698,,-94.71013459,9.808118791
68.63858396,,-93.13800842,12.78332968
68.90921092,,-91.3982294,15.38725999
68.52549898,,-89.76046088,17.59909644
69.85779162,,-87.29897369,19.9827807
67.87768954,,-85.44648915,21.30179035
66.19634638,,-83.2849711,23.366766
65.57114823,,-81.39271911,26.19844781
66.03839512,,-79.72924888,27.74005432
64.509833,,-77.13499196,29.77663128
66.32203721,,-75.21356509,31.94570922
66.70638052,,-73.54066299,33.79861327
68.94657832,,-72.52125675,35.96291477
69.10396874,,-70.82767517,37.91200531
69.98794225,,-69.70494001,39.19641887
70.47851257,,-67.98025664,41.63524093
71.42226187,,-66.90194559,43.55929394
72.1425307,,-65.06754915,46.10583789
74.30031579,,-63.20484096,47.80485612
76.61061621,,-62.59253002,49.85373056
78.80647548,,-61.44400203,52.23658667
80.66734857,,-59.42537902,53.75814089
82.6233591,,-56.53646271,54.14235397
84.80414994,,-54.20400161,55.70060669
86.39220036,,-53.42661467,57.63087508
86.24444634,,-51.7511761,58.46133667
85.80261179,,-50.94758939,60.13151762
87.82426615,,-49.8355997,60.29735919
89.69656947,,-48.75384793,63.62749894
91.63295817,,-47.76788505,67.02693317
93.01348864,,-46.29460425,69.44077706
93.44258504,,-45.38685606,71.94291604
95.94904249,,-44.61309446,74.25815386
98.06103853,,-43.98871951,76.09865758
99.27177727,,-41.55324286,77.2249155
101.2344431,,-40.59609365,78.77068978
101.9773694,,-38.23766696,79.7083189
102.3388325,,-37.55899459,80.31454059
103.5676155,,-34.95170562,80.88929963
105.3145316,,-34.23798841,81.61747547
105.9795005,,-34.51123608,82.17879078
108.3876381,,-33.82869882,82.27353191
108.6802726,,-33.58571996,83.09060433
109.5352546,,-32.68094898,83.22050572
110.2449142,,-32.57354649,83.17136896
111.4519652,,-32.69772843,83.2670797
109.6297491,,-32.37785739,82.84062355
110.2181991,,-31.83153601,83.26459747
108.3249229,,-31.4234084,83.22865045
107.6130165,,-31.14948828,83.19410491
104.8577723,,-30.63022676,82.69032169
104.1046619,,-30.00128476,82.90121343
101.2746214,,-29.82260399,82.80717135
98.76792524,,-29.85223177,83.14305831
96.3562243,,-29.66600141,83.47841305
93.78636128,,-29.68055289,84.95346019
93.52429781,,-29.33488217,85.4546803
91.69852783,,-29.2467596,87.22199371
92.08732394,,-28.88787961,89.44146697
89.24816655,,-28.74157105,91.57911753
86.92716327,,-28.17946002,93.2182219
86.36756349,,-27.70975703,94.2740429
82.90867848,,-27.61844733,95.87458454
78.98161696,,-27.3656733,96.98870153
75.38702627,,-27.50416581,98.80729816
72.75210654,,-26.82461553,100.5274581
73.67485517,,-26.60668523,100.7525593
76.74057221,,-25.78182751,101.3920336
76.29179406,,-25.86895746,101.9507831
73.59804419,,-25.32270696,102.8717358
68.71102236,,-25.08314092,104.5942149
63.99286477,,-24.62518525,105.3997147
59.70980941,,-24.57430632,107.2478695
58.45315462,,-23.81318925,107.9509626
56.60413571,,-23.59819796,109.3352682
56.62989616,,-23.77227944,109.4598735
56.37491488,,-23.71264646,109.4718329
53.4228257,,-23.17418412,109.2861164
53.34317042,,-22.99941834,109.7829271
50.92696229,,-22.17394576,110.2178355
48.72611347,,-21.45601911,109.221053
47.11419819,,-21.41122565,107.9887309
46.52143718,,-20.88484447,109.0206156
44.14526854,,-20.72532623,110.8455978
43.24185571,,-20.42306599,109.3346474
44.96299529,,-19.99472063,110.6143676
44.23472622,,-19.92834502,110.5037704
44.20313947,,-19.97914524,109.460968
44.74939491,,-19.62126021,110.1735213
45.9212657,,-18.76939662,111.9820641
46.23669472,,-19.23715844,112.780324
44.21983263,,-17.68026015,111.9002952
43.05096911,,-15.71426823,112.1766486
42.43414395,,-14.82828573,111.491793
41.63291053,,-14.25129453,110.1374834
40.06922659,,-13.51096351,109.7513869
38.06061928,,-13.09935496,108.4862985
37.8243476,,-13.05396342,107.018654
36.29762236,,-13.79185784,106.1932326
32.87611332,,-13.41895293,105.5321502
30.11191886,,-12.13387429,106.1021297
27.25918494,,-12.24245591,104.2913518
25.59666228,,-12.10130791,102.4619467
24.01577864,,-13.44127072,100.9339359
22.50638686,,-13.79279513,99.08033254
23.0250188,,-13.47682445,98.24988881
22.29442886,,-12.96652027,97.84039343
21.94659965,,-13.52105987,95.76935472
22.29538211,,-13.65905034,94.78520014
22.00262007,,-13.44171988,93.08034979
21.94008413,,-13.35230286,91.70188945
20.07199292,,-13.83810223,91.09803658
18.8224305,,-13.71819097,89.47241467
16.98661968,,-13.52203914,87.88003715
16.33803784,,-12.56222126,89.0339093
14.56415427,,-12.41904864,88.30904287
12.24844893,,-12.60468178,86.84590446
10.49347585,,-12.67555902,86.27264594
8.871814304,,-12.7272069,86.92515934
9.025811166,,-12.50455635,86.4314319
6.974325446,,-12.78024414,86.04573174
4.717773256,,-12.74678116,85.86723912
3.436738214,,-11.27882369,87.22108381
1.196712434,,-10.96969974,88.16991624
0.003680651,,-8.940421691,88.69109479
-1.12997374,,-6.538188371,90.84632952
-0.369173918,,-4.757834442,91.74611907
-0.951973983,,-3.378671938,95.03896247
-2.084344171,,-1.927333373,94.73873556
-2.364946181,,-0.570728915,94.83044607
-2.479319644,,-1.108159145,95.37513827
-2.665127064,,-1.049080373,95.94303214
-2.932108291,,0.572307747,96.71345455
-2.908120371,,1.96442396,98.631207
-2.588137725,,2.78578575,100.4122487
-3.013800244,,3.996604334,102.2800527
-2.127043542,,4.872082048,104.14713
-1.351811823,,6.542363906,106.7494367
-1.022837882,,5.829831864,109.1725136
-2.212242409,,7.043427713,111.4270424
-1.20064477,,7.760161549,114.0507467
-1.192181901,,9.672355193,116.2162213
0.439321315,,10.55002976,118.4980126
1.644135376,,10.79612435,120.919859
0.0674489,,12.34536335,123.7480361
0.005786819,,14.64019527,126.0891085
1.2318008,,15.42012883,128.5637156
0.021706733,,15.86238592,130.7525648
0.912766875,,16.03068994,133.541736
0.378865536,,16.26218357,136.3860692
2.47374618,,15.9499403,139.4692332
2.859612171,,15.79274274,141.9194114
3.901619395,,15.69848323,142.9746746
3.868570583,,15.5185174,145.763022
4.284918491,,15.98171245,147.8757999
5.874173706,,16.53235336,146.3465405
7.179035947,,16.98423103,148.3531615
8.9616445,,17.31342031,149.046674
6.794837319,,17.31165547,149.5490815
10.18854539,,17.77593247,150.1994817
14.21421896,,17.58994813,148.6418661
14.13656995,,17.80326622,150.1849516
16.88776397,,18.71352322,151.2364877
18.36130589,,20.03668515,153.2461483
21.10307811,,20.97194572,151.8255556
24.05081144,,21.7554588,152.7272376
22.22957683,,22.51382306,154.5886888
21.35623214,,23.13587269,156.2302769
21.08500399,,24.63866455,157.3999924
23.31089448,,25.69518258,158.3567915
29.18576589,,26.64099242,159.4950794
34.26156568,,26.66943503,159.8581615
39.20017611,,27.41779154,160.4472776
41.83744245,,26.61600658,161.8519089
44.28358281,,26.93417699,162.4633693
44.95525213,,27.42747381,164.0142678
46.74777306,,28.11786656,164.6123501
48.43436577,,28.1372023,164.6747383
47.03054913,,27.98028157,165.5022039
48.33926631,,27.80830437,166.1056486
49.43317714,,27.65996569,167.3927649
50.46430537,,27.40915194,168.8527356
51.01625693,,27.34139714,169.2423409
52.69527915,,27.56368467,168.7652517
54.39296571,,27.29091449,170.2455648
53.36197213,,26.72467034,169.9965334
54.64398802,,27.15621468,170.2158037
56.65568426,,27.33276685,171.345616
58.44863826,,26.56820114,171.4569621
58.32125274,,26.5877728,171.4080384
60.56477747,,26.86804743,171.6907665
62.6283496,,25.45363048,171.7271905
63.70501408,,23.95193573,171.2062662
66.20909432,,23.44441451,171.7454084
67.21688839,,22.82878726,172.6015043
70.50459914,,22.54695202,172.0610541
71.73994255,,22.70012954,171.3124241
73.76959168,,22.57205151,172.7459035
74.21402249,,23.84851282,173.4408398
77.90723412,,23.9061426,174.7711874
79.76986957,,22.82489413,175.6372197
81.38170591,,23.30454985,177.2258477
82.85207748,,23.60885161,178.9349186
83.49413898,,25.1853162,180.6878761
84.65829184,,25.06389687,182.5195756
85.44834147,,26.54910552,184.6471936
86.49340516,,28.37755116,185.4805988
87.04070376,,30.53040166,186.9066613
88.11344466,,32.36179666,188.9029883
88.62402979,,34.25373471,191.0560892
87.76090536,,34.87167214,193.10896
88.49871829,,36.23463077,194.0353205
88.76511135,,36.43409418,196.6459017
89.04624483,,38.61688529,198.749061
87.8202576,,40.00315205,199.0961291
88.23252822,,40.67299781,200.1531082
88.91788509,,40.64300914,
91.08633978,,42.86535427,
92.01493636,,44.60189244,
90.57548467,,46.24651472,
91.33758387,,45.7301631,
92.39828007,,46.47066386,
92.8275165,,46.28696778,
93.98354063,,48.16615915,
94.17409379,,45.66894474,
94.61301053,,44.2891641,
92.77635142,,44.04991282,
92.97462962,,42.83048483,
93.32803993,,43.32411272,
92.49852624,,40.04118521,
92.19656169,,39.33110009,
91.61494838,,39.91306367,
90.62817506,,38.80317663,
89.36355385,,37.50008703,
88.53774325,,34.52311767,
87.80432363,,33.06805579,
88.18300369,,31.02939456,
89.82486336,,28.97393811,
88.78728745,,27.31830117,
89.31427778,,26.78936861,
89.53487917,,26.48025176,
89.83436636,,23.43872734,
89.80175153,,23.4377767,
88.9029196,,23.18177161,
89.94687462,,21.0790534,
89.29303316,,19.05209654,
88.50734265,,17.72561717,
89.48657551,,16.29320862,
91.04235051,,15.63092992,
91.22058695,,14.66047931,
92.12638938,,14.14191937,
91.62245304,,13.75199428,
93.28079068,,12.90687459,
94.96820991,,12.88158288,
96.717354,,12.54752265,
98.18579065,,11.3778791,
98.96915089,,10.85604173,
98.54656652,,10.29803182,
101.4164458,,10.54463509,
102.1727893,,9.88055926,
102.7994225,,9.856639925,
104.2943165,,9.061939389,
105.2099535,,8.067408308,
108.3518699,,7.543307741,
110.0724099,,6.764481754,
110.6079516,,5.943205273,
113.5116197,,5.019423658,
114.9586258,,3.989296051,
114.758644,,2.601937435,
116.3301755,,1.882817807,
114.7291196,,0.74247853,
113.4277058,,0.225235655,
111.8093502,,-0.929369862,
112.1977117,,-0.302715177,
111.7316394,,-1.344724719,
112.1435307,,-2.372157268,
112.4407182,,-2.85456627,
113.5237156,,-2.977568707,
114.2422534,,-2.940849663,
114.3946171,,-3.608070859,
114.9819547,,-3.598215452,
115.4212702,,-4.105397202,
115.1718941,,-2.986817122,
115.4269518,,-3.836856101,
116.6678273,,-3.398509129,
116.5205179,,-2.645542407,
116.3534864,,-2.88830099,
116.7355025,,-3.171112712,
116.8371049,,-2.559490942,
118.1672125,,-3.210643354,
117.0793908,,-3.241273687,
117.3723913,,-3.549274626,
117.1956249,,-3.368505247,
117.5402124,,-3.940630617,
119.1873388,,-4.145619583,
120.3084831,,-4.613904312,
122.1067682,,-6.034039005,
123.5688922,,-6.180703511,
123.8128876,,-6.41323369,
123.3103025,,-6.727392198,
124.8155505,,-7.248050337,
126.5218497,,-7.606442574,
127.2444953,,-7.843781875,
129.2130112,,-8.164841745,
130.182643,,-8.149086045,
132.1586543,,-9.403215077,
133.7448034,,-11.44410667,
135.1127666,,-13.62923517,
135.7879236,,-15.3759649,
137.5022482,,-17.91004262,
138.8940158,,-18.52228135,
140.1136646,,-19.50794062,
140.3784959,,-19.71734615,
142.2505118,,-21.87353519,
143.916526,,-23.95142137,
144.5625767,,-24.96456294,
146.0434814,,-24.8401586,
145.8390726,,-26.90070797,
146.9822154,,-28.68095913,
148.7924173,,-29.84080173,
150.075371,,-29.11859797,
151.3185236,,-29.73229268,
152.7161987,,-30.98870489,
154.2344502,,-32.92694473,
156.162286,,-32.15592286,
157.484599,,-32.74093303,
159.5755478,,-34.20288541,
160.8433746,,-33.70486293,
162.0535961,,-36.19181457,
163.9844602,,-34.6788385,
165.558366,,-33.66356439,
167.091774,,-33.99836884,
168.6496828,,-34.07961074,
170.2578797,,-33.81466917,
171.6436101,,-32.64719229,
173.9014042,,-32.04671735,
174.7698756,,-31.59864687,
172.2751515,,-31.57561809,
173.9037876,,-30.60501274,
175.3801314,,-30.76190321,
174.4396973,,-28.77161048,
174.3333558,,-25.03812824,
174.4663701,,-24.38079819,
175.622907,,-21.98152068,
176.2104243,,-19.99742763,
177.964258,,-17.34601477,
180.1615928,,-14.20967475,
180.640752,,-10.61201436,
180.6715508,,-8.465410013,
181.7672097,,-5.368121474,
181.8015842,,-1.903474783,
182.8170073,,-0.279146786,
183.2286099,,3.212070949,
184.4856888,,4.403816385,
185.1832346,,5.761440708,
184.4404464,,7.823177368,
185.3395918,,9.039478378,
186.4900276,,10.58869394,
186.4557742,,13.16493028,
186.3532224,,15.57394351,
185.9966764,,18.12359087,
187.5436372,,20.88425572,
187.5033651,,21.58304549,
187.4469975,,23.25170687,
187.4760558,,25.55435178,
188.5684706,,26.94464874,
187.649955,,29.03408141,
185.3229096,,31.18048238,
185.2949646,,32.99805979,
185.2218492,,32.68873949,
186.8370861,,33.3331479,
188.8371982,,33.87247497,
188.2420313,,33.44981704,
189.4036513,,33.48578485,
190.8557968,,33.71255767,
192.2600729,,34.41280797,
193.6410156,,35.88330917,
194.4938718,,37.03745115,
195.2907817,,38.68355623,
196.9181149,,41.47560572,
197.9823061,,43.37288799,
199.5303637,,46.02650098,
201.1140219,,47.10912106,
,,50.5566086,
,,52.60780343,
,,53.02758955,
,,55.33847465,
,,58.36760227,
,,60.88929583,
,,63.37935681,
,,65.85468285,
,,68.6568229,
,,70.85399927,
,,73.60483667,
,,76.25033744,
,,78.77161936,
,,82.1946485,
,,85.24263475,
,,84.94553267,
,,87.52976707,
,,90.41563186,
,,92.98538326,
,,95.4194638,
,,98.3039144,
,,101.3174957,
,,103.6578511,
,,106.0762293,
,,108.8279899,
,,110.3717441,
,,113.3160595,
,,115.9990566,
,,118.4262128,
,,121.191198,
,,123.8356644,
,,126.5761827,
,,129.564077,
,,129.8962999,
,,132.2977825,
,,135.0190815,
,,137.4268218,
,,138.2938206,
,,138.9459258,
,,140.788201,
,,142.8360068,
,,145.1467999,
,,147.6934017,
,,150.0529438,
,,151.6100915,
,,154.7830344,
,,157.2229315,
,,159.3952606,
,,161.6959492,
,,163.6122754,
,,166.2055883,
,,167.9688302,
,,170.5273933,
,,172.9120174,
,,175.3827621,
,,177.6579048,
,,179.3829542,
,,177.8645891,
,,178.5152305,
,,178.8188701,
,,178.6290189,
,,179.1892473,
,,178.8825561,
,,178.7158701,
,,178.7020047,
,,178.5894176,
,,178.3302541,
,,177.5855805,
,,178.6818883,
,,177.9401382,
,,179.5017573,
,,180.7035803,
,,181.9832998,
,,183.1397434,
,,184.318126,
,,183.4949372,
,,183.1477377,
,,183.1524357,
,,183.3543375,
,,185.5771644,
,,185.6523385,
,,185.9872472,
,,186.5165842,
,,186.9131522,
,,187.4845397,
,,188.3597387,
,,190.6241,
,,192.5434188,
,,194.2360614,
,,196.8577701,
,,198.7711824,
,,201.661467,
